X_pc,Y_pc,vr,d_vr,FeH,d_FeH,flag,P_member_position
-34.935,-124.686,-9.182,4.84,-1.17,0.26,1,0.9976667450885451
-141.121,7.014,-10.316,5.35,-1.44,0.22,1,0.999451278840208
-109.581,26.449,-27.937,4.68,-1.43,0.29,1,0.999263467769114
-206.271,100.851,999.0,999.0,-1.33,0.29,1,0.9983337474639886
-279.448,31.674,999.0,999.0,-1.34,0.22,1,0.9985720504911881
-276.43,-113.7,999.0,999.0,-1.6,0.22,1,0.9982001437048682
-339.866,46.118,999.0,999.0,-2.22,0.2,1,0.9950586711068953
-124.617,-100.129,-19.31,4.0,-1.85,0.24,1,0.9992885816713527
-61.851,-7.209,999.0,999.0,-1.55,0.22,1,0.9990096401680187
-146.22,7.581,999.0,999.0,-2.17,0.3,1,0.9994575066934102
-46.132,-93.758,999.0,999.0,-1.96,0.23,1,0.9985429277051852
-165.269,-19.137,999.0,999.0,-1.61,0.28,1,0.9995164179324746
-276.358,-191.594,999.0,999.0,-1.42,0.29,1,0.9934244215284288
-81.112,-63.227,-21.118,3.87,-1.72,0.26,1,0.9992147163718865
-46.959,-68.829,999.0,999.0,-1.43,0.26,1,0.998758720518316
-299.983,11.692,999.0,999.0,-1.83,0.21,1,0.9982508699393584
-307.369,28.533,999.0,999.0,-1.45,0.2,1,0.9977901302076213
-73.761,-26.696,999.0,999.0,-1.87,0.28,1,0.9991871384656333
-224.776,1.636,999.0,999.0,-2.04,0.2,1,0.9993515598858758
-131.441,85.17,999.0,999.0,-1.57,0.22,1,0.9987095721902169
-208.465,-131.753,999.0,999.0,-1.47,0.21,1,0.9989117541029294
-116.654,-14.563,999.0,999.0,-1.15,0.27,1,0.9994340690725465
-200.973,-64.917,999.0,999.0,-1.71,0.28,1,0.9994320256147721
-208.899,-143.477,999.0,999.0,-1.8,0.27,1,0.9987092928530655
-186.489,-113.785,-9.508,4.22,-1.45,0.24,1,0.9992163861838502
-101.405,-119.437,999.0,999.0,-1.34,0.22,1,0.9990030723377459
-168.865,10.411,-17.395,6.06,-1.85,0.22,1,0.9994618565008555
-107.252,-42.552,999.0,999.0,-0.99,0.23,1,0.9994085041415987
-14.936,-51.665,999.0,999.0,-1.54,0.22,1,0.997965634690783
-240.302,-40.54,999.0,999.0,-1.87,0.24,1,0.9992929324440271
-182.414,-22.948,999.0,999.0,-1.86,0.21,1,0.9995084025593153
-118.921,-9.877,999.0,999.0,-1.31,0.29,1,0.9994343858531455
-275.99,-143.752,999.0,999.0,-1.19,0.28,1,0.997317177416543
-309.28,36.207,999.0,999.0,-2.14,0.29,1,0.9975727964230852
3.672,-120.097,999.0,999.0,-1.22,0.26,1,0.9954425653319594
-201.873,3.573,999.0,999.0,-1.71,0.27,1,0.9994333978255098
-141.847,-59.519,999.0,999.0,-0.89,0.3,1,0.9994816817430378
-168.295,11.775,999.0,999.0,-1.53,0.27,1,0.9994578323077175
-284.049,-139.698,999.0,999.0,-1.6,0.25,1,0.9971378805744475
-201.685,-197.41,999.0,999.0,-1.91,0.21,1,0.9966284664530883
-31.503,-69.104,999.0,999.0,-1.84,0.22,1,0.9984099542475706
-224.437,-66.218,-4.288,4.17,-2.15,0.28,1,0.9993334654074252
-171.81,-103.8,999.0,999.0,-1.48,0.24,1,0.9993180659941862
-24.268,139.088,-1.255,5.1,-1.14,0.28,1,0.9868037963990414
-214.796,132.969,999.0,999.0,-1.19,0.27,1,0.9967525694787965
-204.409,17.991,999.0,999.0,-1.64,0.23,1,0.9993799958259773
-241.083,-32.037,-19.402,4.64,-1.05,0.21,1,0.9992938060709686
-110.414,-39.408,999.0,999.0,-1.58,0.27,1,0.9994233058485463
-73.412,-45.706,-24.702,5.19,-1.36,0.23,1,0.9991820899008934
-2585.902,4143.733,999.0,999.0,-0.47,0.29,0,0.0
-990.112,-4730.994,999.0,999.0,-0.92,0.25,0,0.0
1432.096,3592.044,999.0,999.0,-0.63,0.24,0,0.0
-1190.021,1615.277,999.0,999.0,-0.7,0.23,0,3.92204927691157e-101
3360.616,-1429.851,999.0,999.0,-0.38,0.29,0,0.0
3502.725,2857.394,-100.837,6.13,-0.55,0.21,0,0.0
879.807,2881.394,999.0,999.0,-0.14,0.26,0,4.2533312704969295e-280
-3393.577,-4456.33,-85.244,4.67,-0.73,0.29,0,0.0
-4647.967,-699.084,999.0,999.0,-0.74,0.23,0,0.0
3525.828,3268.288,999.0,999.0,-0.68,0.23,0,0.0
-4743.3,-4225.257,999.0,999.0,-0.19,0.27,0,0.0
-514.341,-4758.782,999.0,999.0,-0.85,0.26,0,0.0
3368.116,-1537.049,999.0,999.0,0.11,0.26,0,0.0
-3592.389,-3830.433,999.0,999.0,-0.72,0.28,0,0.0
-1441.403,4843.712,999.0,999.0,-0.39,0.26,0,0.0
-4103.06,2077.376,999.0,999.0,-0.58,0.22,0,0.0
-4669.356,3726.925,999.0,999.0,-0.49,0.21,0,0.0
-4328.519,259.273,999.0,999.0,-0.22,0.24,0,0.0
2507.657,-1230.311,-32.108,3.84,-0.57,0.28,0,2.3604377560526246e-232
3052.083,-4753.149,999.0,999.0,-0.71,0.29,0,0.0
2345.427,3050.618,999.0,999.0,-0.86,0.22,0,0.0
-4829.518,2424.844,-25.963,3.87,-0.42,0.22,0,0.0
-2394.096,-3511.467,999.0,999.0,-0.37,0.24,0,0.0
2903.423,1827.149,999.0,999.0,-0.47,0.25,0,0.0
3561.688,-4160.539,999.0,999.0,-0.51,0.29,0,0.0
4456.559,-4802.12,999.0,999.0,-0.6,0.28,0,0.0
-3058.283,-4933.716,999.0,999.0,-0.26,0.23,0,0.0
3471.446,4493.24,999.0,999.0,-0.9,0.21,0,0.0
-2066.791,2025.095,-67.772,3.84,-0.34,0.28,0,6.788788695822672e-212
-3678.526,-4628.146,-1.36,4.8,-0.45,0.22,0,0.0
651.51,1407.949,-36.815,4.1,-0.3,0.23,0,9.487707208614099e-79
-339.399,206.208,999.0,999.0,-0.88,0.3,0,0.8932628708705737
-3397.967,-1475.379,999.0,999.0,-0.64,0.26,0,0.0
-34.429,-4114.64,-111.114,6.18,-0.78,0.22,0,0.0
166.136,871.613,999.0,999.0,-0.52,0.23,0,1.0343140293748314e-24
2811.46,4454.461,999.0,999.0,-0.1,0.21,0,0.0
3355.495,-2909.37,-59.787,5.52,-0.48,0.24,0,0.0
615.373,87.978,-13.536,2.84,-0.83,0.21,0,3.5495886281281423e-15
-4614.523,87.695,999.0,999.0,-0.45,0.21,0,0.0
-732.393,-4089.751,999.0,999.0,-0.7,0.23,0,0.0
4482.481,2914.938,999.0,999.0,-0.54,0.28,0,0.0
3593.834,-3194.345,999.0,999.0,-0.42,0.24,0,0.0
1353.822,4443.181,999.0,999.0,-0.53,0.2,0,0.0
4206.799,-3767.373,999.0,999.0,-0.67,0.23,0,0.0
2996.855,4258.938,-190.234,5.99,-0.74,0.24,0,0.0
-1513.485,-4978.619,999.0,999.0,0.02,0.27,0,0.0
164.119,4641.274,999.0,999.0,-0.89,0.21,0,0.0
-3568.7,1067.278,-42.043,4.16,-0.53,0.21,0,0.0
4104.542,-1215.61,-25.521,3.97,-0.81,0.3,0,0.0
-1982.502,-236.835,999.0,999.0,-0.79,0.25,0,6.86028272483261e-93
4498.374,120.645,999.0,999.0,-0.64,0.28,0,0.0
3558.995,2956.333,999.0,999.0,-0.35,0.29,0,0.0
3617.015,1505.864,999.0,999.0,-0.92,0.24,0,0.0
62.359,-2969.729,999.0,999.0,-0.96,0.22,0,5.485166533809406e-246
-680.494,-4071.684,-78.89,4.65,-0.43,0.21,0,0.0
390.515,3108.602,999.0,999.0,-0.3,0.21,0,1.7684255589330133e-294
-1729.665,4561.025,999.0,999.0,-0.26,0.24,0,0.0
3090.299,1973.425,999.0,999.0,-0.31,0.23,0,0.0
-4490.298,3475.487,999.0,999.0,-0.55,0.29,0,0.0
3735.208,-1420.992,999.0,999.0,-1.05,0.28,0,0.0
-460.999,4223.257,999.0,999.0,-0.94,0.29,0,0.0
587.012,4216.096,-28.393,4.26,-0.95,0.26,0,0.0
1240.547,4906.067,-29.733,5.04,-0.55,0.23,0,0.0
1240.87,-787.212,999.0,999.0,-1.14,0.25,0,6.186630853946927e-67
-2128.453,690.733,999.0,999.0,-0.34,0.21,0,6.788109907014381e-118
3595.827,238.466,999.0,999.0,-0.31,0.22,0,0.0
-2943.937,2281.895,999.0,999.0,-0.5,0.22,0,0.0
-297.941,-1573.353,999.0,999.0,-0.29,0.23,0,6.340464688634868e-67
-2949.506,262.02,999.0,999.0,-0.63,0.24,0,6.8102464583369324e-217
-61.463,-4788.835,999.0,999.0,-0.7,0.21,0,0.0
-914.091,-3618.374,-75.361,4.68,-0.8,0.28,0,0.0
-4271.352,-4742.551,999.0,999.0,-0.33,0.26,0,0.0
1383.582,199.782,999.0,999.0,-0.9,0.22,0,2.165216481968079e-67
1573.934,-3925.619,999.0,999.0,-0.4,0.21,0,0.0
-2918.323,-1386.899,-103.576,4.72,-0.36,0.28,0,1.2394437068377923e-273
-4405.142,3524.799,999.0,999.0,-1.08,0.22,0,0.0
-3109.226,-3274.94,999.0,999.0,-1.25,0.29,0,0.0
4592.055,3821.57,999.0,999.0,-0.59,0.2,0,0.0
3534.497,2137.286,999.0,999.0,-0.07,0.24,0,0.0
4913.055,1377.866,999.0,999.0,-0.31,0.23,0,0.0
1861.414,3040.69,999.0,999.0,-0.37,0.25,0,0.0
-746.029,-3163.636,999.0,999.0,-0.89,0.27,0,3.904635779695401e-294
-484.135,908.846,999.0,999.0,-0.72,0.25,0,4.784328338138049e-25
-4604.477,-404.574,999.0,999.0,-0.57,0.28,0,0.0
1181.959,4116.219,7.067,2.31,-0.21,0.26,0,0.0
912.592,1817.806,999.0,999.0,-0.66,0.25,0,1.5658197023707765e-133
-962.769,-4241.323,-108.542,5.92,-0.55,0.27,0,0.0
2466.72,-3916.535,999.0,999.0,-0.61,0.2,0,0.0
2500.342,2135.734,999.0,999.0,-1.35,0.25,0,0.0
-4566.838,311.497,999.0,999.0,-0.98,0.27,0,0.0
-1357.091,-985.087,999.0,999.0,-0.27,0.23,0,1.3716839094750788e-66
-1076.104,-2868.478,999.0,999.0,-0.27,0.3,0,3.64338064563647e-259
-1821.452,-2414.151,999.0,999.0,-0.72,0.23,0,3.1305765436941395e-248
-1735.346,4021.255,-17.963,4.56,-1.21,0.25,0,0.0
1339.083,-4859.149,999.0,999.0,-0.64,0.2,0,0.0
-1220.576,4601.068,999.0,999.0,-1.19,0.3,0,0.0
4037.27,445.432,999.0,999.0,-0.41,0.24,0,0.0
-746.965,-773.79,999.0,999.0,-0.95,0.27,0,6.0511664354168336e-24
4312.679,3680.888,999.0,999.0,-0.84,0.23,0,0.0
4673.912,1170.249,999.0,999.0,-0.86,0.25,0,0.0
-2152.148,457.283,999.0,999.0,-0.3,0.25,0,1.7323446622402216e-113
373.168,1730.349,999.0,999.0,-1.01,0.23,0,2.600923012283457e-97
1460.214,3981.808,999.0,999.0,-0.67,0.23,0,0.0
-1167.342,-2068.519,999.0,999.0,-0.31,0.26,0,2.0597582300030595e-150
3059.814,-2245.549,999.0,999.0,-1.07,0.23,0,0.0
-1479.345,-1758.116,999.0,999.0,-1.2,0.25,0,9.980915765677894e-138
-2295.822,-2459.093,999.0,999.0,-0.56,0.21,0,3.345071652794418e-308
-1341.394,1723.619,999.0,999.0,-0.99,0.27,0,3.034702411346558e-120
-26.318,316.341,999.0,999.0,-0.84,0.23,0,0.13216846539554136
-3662.307,2603.932,999.0,999.0,-0.02,0.26,0,0.0
-1865.959,-3093.214,999.0,999.0,-0.8,0.22,0,0.0
4861.142,-1607.051,999.0,999.0,-0.06,0.27,0,0.0
-3575.987,3047.585,-113.77,4.28,-0.68,0.29,0,0.0
2106.435,-265.894,999.0,999.0,-0.85,0.27,0,4.0103086965014916e-143
4557.828,1904.578,999.0,999.0,-0.27,0.2,0,0.0
436.178,4246.92,999.0,999.0,-0.45,0.29,0,0.0
4805.161,-605.229,999.0,999.0,-0.35,0.29,0,0.0
3537.878,-3932.291,-32.192,4.8,-0.93,0.29,0,0.0
4620.743,-3772.597,999.0,999.0,-0.6,0.22,0,0.0
-3312.277,-3611.59,999.0,999.0,-0.33,0.29,0,0.0
-1837.462,-3433.842,-37.365,5.52,-1.21,0.23,0,0.0
-4156.168,-2897.902,-35.568,4.28,-0.15,0.23,0,0.0
3031.974,810.418,-78.052,5.58,-1.44,0.26,0,1.23170565508e-312
-782.577,-4926.332,999.0,999.0,-0.85,0.23,0,0.0
-113.442,-2531.771,-23.124,6.8,-0.76,0.28,0,2.648687313156893e-177
-451.257,-1979.542,999.0,999.0,-0.58,0.29,0,1.835407251217303e-110
1555.037,-3257.369,-46.978,4.16,-0.56,0.24,0,0.0
-4801.436,3824.477,999.0,999.0,-0.73,0.2,0,0.0
2455.205,183.911,-96.653,4.3,-0.65,0.25,0,1.0932657285259795e-193
3411.703,3400.753,999.0,999.0,-0.92,0.29,0,0.0
4792.28,-4938.907,999.0,999.0,-0.59,0.25,0,0.0
3387.443,-2772.998,999.0,999.0,-1.17,0.27,0,0.0
4892.498,-2467.169,999.0,999.0,-0.58,0.26,0,0.0
2583.554,-4588.162,999.0,999.0,-0.51,0.25,0,0.0
-3835.091,-1447.695,999.0,999.0,-0.58,0.27,0,0.0
2813.327,4125.644,999.0,999.0,-0.53,0.29,0,0.0
1684.976,3534.854,999.0,999.0,-0.42,0.27,0,0.0
-547.85,2172.773,999.0,999.0,-0.63,0.25,0,1.6549622878306808e-139
-4162.851,826.007,999.0,999.0,-0.82,0.22,0,0.0
1453.878,2461.636,999.0,999.0,-0.53,0.27,0,2.9543588759029806e-260
-683.889,1387.317,-12.27,4.57,-1.09,0.26,0,3.0537445640562685e-61
1985.278,-3030.982,-129.401,4.21,-0.23,0.26,0,0.0
-4091.114,-3678.313,999.0,999.0,-0.9,0.28,0,0.0
491.773,-3591.066,999.0,999.0,-0.78,0.21,0,0.0
-1705.305,273.022,999.0,999.0,-0.44,0.25,0,5.405281248037946e-66
1566.57,-3592.704,-37.646,4.53,-1.35,0.23,0,0.0
-865.657,771.562,999.0,999.0,0.17,0.25,0,1.6331732923536413e-28
2175.754,-1062.058,999.0,999.0,-1.08,0.24,0,1.4946036845673647e-176
-979.113,2914.2,999.0,999.0,-0.52,0.22,0,2.5431838331965527e-260
-1620.263,-403.905,999.0,999.0,-0.73,0.28,0,1.3279418486952333e-62
-3297.26,3573.938,999.0,999.0,-0.62,0.29,0,0.0
1130.199,3085.405,15.306,2.98,-0.09,0.22,0,0.0
-918.986,3161.323,-63.205,4.67,-0.39,0.2,0,2.403756117229778e-301
460.106,2804.515,999.0,999.0,-0.46,0.28,0,1.6958424161006158e-244
-4622.733,149.974,999.0,999.0,-0.99,0.3,0,0.0
-1333.587,-3979.178,-77.353,3.24,-1.02,0.23,0,0.0
-1338.438,-945.258,999.0,999.0,-0.76,0.26,0,4.845012587361027e-63
438.615,-1960.612,999.0,999.0,-0.85,0.25,0,4.974852054262332e-112
-178.173,4393.03,999.0,999.0,-0.18,0.29,0,0.0
214.46,-572.303,999.0,999.0,-0.14,0.29,0,2.2819028915926085e-09
3288.643,384.874,-59.899,6.14,-0.42,0.23,0,0.0
4710.083,-1899.821,999.0,999.0,-0.95,0.21,0,0.0
1377.177,-3091.281,7.487,4.4,-0.12,0.26,0,0.0
-1119.318,475.664,999.0,999.0,-0.35,0.28,0,2.1175929129341644e-29
4664.553,762.593,999.0,999.0,-0.52,0.25,0,0.0
3807.839,3603.822,-77.913,4.43,-0.44,0.24,0,0.0
3104.448,-398.462,999.0,999.0,-0.82,0.28,0,9.067384993509642e-300
-1437.905,1295.287,999.0,999.0,-1.07,0.24,0,8.331920240727018e-90
3769.227,-3829.186,999.0,999.0,-1.05,0.21,0,0.0
-1141.549,-724.299,999.0,999.0,-0.37,0.24,0,7.0068749449349956e-40
3699.948,916.792,999.0,999.0,-0.72,0.25,0,0.0
4512.639,4682.236,999.0,999.0,-0.89,0.24,0,0.0
-4716.877,1768.188,999.0,999.0,-0.4,0.29,0,0.0
3117.304,3380.753,-76.697,4.16,-1.04,0.22,0,0.0
4726.795,4391.917,-111.213,6.73,-0.77,0.26,0,0.0
-207.215,-1324.892,999.0,999.0,-0.31,0.25,0,8.424375372324732e-46
4112.368,-4865.408,999.0,999.0,-0.51,0.22,0,0.0
4587.042,-3197.261,999.0,999.0,-1.11,0.24,0,0.0
4171.786,-140.059,999.0,999.0,-0.66,0.2,0,0.0
872.07,355.569,999.0,999.0,-0.6,0.23,0,5.513952419931267e-33
-436.741,4351.703,999.0,999.0,-0.92,0.21,0,0.0
1002.579,167.993,999.0,999.0,-0.14,0.26,0,1.6383939720071497e-37
4873.438,2350.663,999.0,999.0,-1.14,0.25,0,0.0
4619.611,549.974,999.0,999.0,-0.8,0.23,0,0.0
-4470.545,-3468.406,999.0,999.0,-0.55,0.25,0,0.0
-3883.676,-1748.882,999.0,999.0,-0.38,0.22,0,0.0
-493.938,-446.429,64.553,5.57,-0.58,0.24,0,8.83068558039669e-06
3771.637,89.499,999.0,999.0,-0.8,0.2,0,0.0
-811.596,-2267.896,999.0,999.0,-0.55,0.23,0,6.354025868445546e-157
98.737,3451.158,999.0,999.0,-0.87,0.24,0,0.0
799.647,4370.692,-17.269,4.2,-0.93,0.28,0,0.0
-4351.071,-2161.801,999.0,999.0,-0.68,0.25,0,0.0
215.523,-3070.403,999.0,999.0,-0.45,0.24,0,9.564648398348041e-265
2867.865,-134.012,999.0,999.0,-1.02,0.27,0,2.6059393311636982e-256
3927.5,-2572.011,999.0,999.0,-0.33,0.22,0,0.0
4438.026,-3413.472,999.0,999.0,-0.74,0.27,0,0.0
2781.104,667.095,-123.673,4.31,-0.6,0.25,0,3.01619032780797e-261
-3461.572,2555.403,999.0,999.0,-0.31,0.29,0,0.0
-1689.947,1653.669,999.0,999.0,-0.39,0.27,0,1.1446291036390975e-138
-1401.32,-4450.312,-202.035,6.26,-0.43,0.3,0,0.0
-2261.062,616.458,999.0,999.0,-0.83,0.22,0,2.604539841188088e-130
4973.287,157.027,999.0,999.0,-1.13,0.29,0,0.0
198.93,962.487,999.0,999.0,-0.55,0.24,0,1.788123206115866e-30
1840.228,2986.489,999.0,999.0,0.02,0.22,0,0.0
-2974.852,-383.522,999.0,999.0,-1.21,0.26,0,2.0408244515682288e-226
2278.13,2916.806,-103.967,4.27,-1.0,0.25,0,0.0
2477.821,1256.164,999.0,999.0,-0.37,0.29,0,1.9012509476741887e-250
4227.962,-4236.876,999.0,999.0,-0.11,0.25,0,0.0
4466.426,-159.642,999.0,999.0,-0.81,0.29,0,0.0
-3068.708,2554.951,999.0,999.0,-0.8,0.22,0,0.0
-4887.841,-1177.892,999.0,999.0,-0.36,0.21,0,0.0
-2807.615,-4220.094,999.0,999.0,-0.47,0.28,0,0.0
406.596,4789.24,999.0,999.0,-0.17,0.29,0,0.0
-4279.937,1381.962,16.531,4.7,-0.88,0.22,0,0.0
-3345.905,-1542.945,999.0,999.0,-1.14,0.3,0,0.0
688.086,-1445.035,999.0,999.0,-0.88,0.21,0,1.669082272794555e-72
977.032,2245.031,999.0,999.0,-0.65,0.24,0,7.625511940193074e-190
850.523,-4590.031,999.0,999.0,-0.36,0.2,0,0.0
-4282.105,-1993.979,999.0,999.0,-0.76,0.29,0,0.0
2670.95,2569.616,999.0,999.0,-0.73,0.3,0,0.0
-3755.527,-1484.653,-104.902,4.21,-0.48,0.29,0,0.0
-4331.041,1125.149,999.0,999.0,-0.77,0.23,0,0.0
-1954.156,3406.1,999.0,999.0,-0.53,0.25,0,0.0
694.555,-817.867,999.0,999.0,-0.46,0.23,0,2.337976218779666e-34
1017.891,-4549.078,-27.589,4.46,-0.92,0.2,0,0.0
-4267.934,3372.091,999.0,999.0,-0.81,0.23,0,0.0
3955.763,-4910.597,999.0,999.0,-1.07,0.3,0,0.0
-132.827,2487.933,999.0,999.0,-0.04,0.28,0,1.5455785760150904e-180
-2918.946,-4538.0,-5.481,3.88,-0.57,0.21,0,0.0
2099.403,4989.378,999.0,999.0,-0.66,0.21,0,0.0
1641.68,2959.617,-53.158,2.78,-0.1,0.26,0,0.0
-3591.325,-2107.101,999.0,999.0,-0.63,0.21,0,0.0
1326.422,-1549.262,999.0,999.0,-0.42,0.24,0,6.6710095118710034e-121
1028.491,1864.966,-171.4,4.08,-0.57,0.28,0,1.0494259769807393e-146
1911.7,933.225,999.0,999.0,-0.75,0.24,0,1.074919207981367e-150
-1101.212,-2671.937,999.0,999.0,-0.09,0.29,0,3.538947621293643e-229
2719.546,-3323.453,22.509,3.09,0.18,0.29,0,0.0
-2489.245,1831.849,999.0,999.0,-0.62,0.27,0,1.8883152896681848e-239
-3366.795,4646.677,999.0,999.0,-0.96,0.2,0,0.0
-4332.762,2341.501,999.0,999.0,-1.37,0.25,0,0.0
2440.143,703.943,-50.246,3.78,-0.36,0.26,0,4.966781514441501e-209
693.74,-2325.297,999.0,999.0,-0.1,0.24,0,6.081055157962301e-165
-4428.659,1448.801,999.0,999.0,-0.45,0.29,0,0.0
-1591.793,-4591.131,999.0,999.0,-1.15,0.25,0,0.0
3159.745,4368.323,-15.868,4.31,-0.02,0.3,0,0.0
-1933.443,-4012.61,999.0,999.0,-0.42,0.21,0,0.0
915.798,-841.244,999.0,999.0,-0.37,0.23,0,4.823751845501046e-47
-1709.142,2634.22,999.0,999.0,-0.56,0.28,0,1.7936775810706094e-259
-4823.114,3732.656,999.0,999.0,-1.06,0.25,0,0.0
-4093.32,4731.696,999.0,999.0,-1.21,0.22,0,0.0
-2680.238,4601.444,35.512,4.57,-0.56,0.23,0,0.0
406.869,3050.625,999.0,999.0,-0.42,0.29,0,1.1991808707752891e-284
1846.682,-4510.458,999.0,999.0,-0.87,0.29,0,0.0
3188.769,-3996.428,999.0,999.0,-0.74,0.28,0,0.0
3411.816,-3975.575,999.0,999.0,-0.18,0.24,0,0.0
-3063.103,-4893.089,999.0,999.0,-0.49,0.21,0,0.0
3565.037,-3498.415,999.0,999.0,-0.18,0.21,0,0.0
-4448.594,446.91,-32.863,5.04,-0.46,0.3,0,0.0
68.833,4656.299,999.0,999.0,-0.74,0.27,0,0.0
-1679.991,2853.947,999.0,999.0,-0.75,0.25,0,1.782266606157655e-291
-1612.318,2797.775,-17.133,5.73,-0.26,0.23,0,3.053792265173637e-277
-3673.006,4948.153,999.0,999.0,-0.64,0.27,0,0.0
-4118.228,3262.518,999.0,999.0,-0.55,0.29,0,0.0
2718.056,-1586.255,999.0,999.0,-0.99,0.27,0,1.9623952949769893e-290
4689.406,2183.233,999.0,999.0,-0.33,0.21,0,0.0
1525.703,-538.042,999.0,999.0,-0.89,0.25,0,3.0146278023075855e-83
2706.174,3478.799,-44.316,2.61,-1.11,0.22,0,0.0
-2527.896,2618.835,999.0,999.0,-0.46,0.3,0,0.0
-1497.476,-3172.012,85.688,6.06,-0.25,0.29,0,0.0
3428.087,2267.359,999.0,999.0,-0.66,0.22,0,0.0
1062.548,2928.284,999.0,999.0,-0.29,0.26,0,3.4793135658806625e-301
705.286,-155.355,999.0,999.0,-0.74,0.22,0,6.76427184766352e-19
-4923.5,-926.813,28.62,4.6,-0.94,0.22,0,0.0
4925.883,933.258,999.0,999.0,-0.55,0.28,0,0.0
-1683.125,3120.237,999.0,999.0,-0.36,0.22,0,0.0
-1476.879,-649.474,-52.963,5.86,0.15,0.29,0,4.599324606832171e-59
1226.594,4100.733,999.0,999.0,-0.57,0.2,0,0.0
3368.63,973.7,999.0,999.0,-0.45,0.27,0,0.0
3018.658,1732.48,-88.26,3.84,-0.92,0.29,0,0.0
-3259.804,-315.718,999.0,999.0,-0.13,0.28,0,2.0824179939683344e-272
-4072.502,-4232.129,28.779,6.8,-0.71,0.29,0,0.0
-4271.006,-4193.906,999.0,999.0,-1.3,0.26,0,0.0
165.412,3830.261,999.0,999.0,-0.21,0.2,0,0.0
-1329.405,-1822.083,999.0,999.0,-0.67,0.24,0,2.935435571938593e-133
3564.877,2325.423,999.0,999.0,-0.56,0.24,0,0.0
464.992,120.23,-42.884,5.83,-1.08,0.29,0,1.8491579697168465e-09
-4674.683,2619.315,999.0,999.0,-0.41,0.29,0,0.0
285.935,-984.592,-41.771,2.61,-0.89,0.28,0,3.0939016850562625e-28
4224.988,-1005.827,999.0,999.0,-0.48,0.24,0,0.0
-3099.468,3920.509,999.0,999.0,-0.52,0.3,0,0.0
3067.08,-20.734,999.0,999.0,-1.27,0.28,0,4.57736493525836e-292
-1474.379,-3317.251,999.0,999.0,-0.4,0.25,0,0.0
-1289.122,-1219.863,-52.682,4.68,-0.71,0.25,0,4.030975006923495e-77
3220.986,626.52,999.0,999.0,-0.87,0.27,0,0.0
-4421.145,-1948.239,-226.581,4.52,-0.8,0.27,0,0.0
685.776,-1421.26,-41.951,3.09,-0.88,0.28,0,1.571542512728379e-70
433.955,1481.046,999.0,999.0,-0.74,0.21,0,1.2437499498140135e-75
4446.796,-436.476,999.0,999.0,-1.02,0.3,0,0.0
3889.906,2033.982,999.0,999.0,-0.68,0.21,0,0.0
659.792,3048.284,999.0,999.0,-0.02,0.26,0,4.331206842777248e-296
3469.724,2987.044,999.0,999.0,-0.62,0.2,0,0.0
-2537.398,-1238.084,999.0,999.0,-0.38,0.21,0,2.1922175756160597e-205
3990.306,-1762.452,999.0,999.0,-0.57,0.23,0,0.0
-4730.149,3769.47,999.0,999.0,-0.9,0.29,0,0.0
2862.428,2122.672,999.0,999.0,-0.59,0.21,0,0.0
2938.548,1298.537,999.0,999.0,-0.43,0.27,0,0.0
-1279.285,4752.452,999.0,999.0,-0.79,0.29,0,0.0
-2798.209,4199.802,999.0,999.0,-0.49,0.21,0,0.0
-374.781,3110.086,999.0,999.0,-0.45,0.24,0,1.9303527662309416e-281
2336.674,2538.336,999.0,999.0,-0.33,0.26,0,0.0
-4412.957,-3245.134,999.0,999.0,-0.46,0.25,0,0.0
-2720.319,-4126.499,-21.838,5.83,-0.82,0.23,0,0.0
2953.352,-3938.313,999.0,999.0,-0.5,0.27,0,0.0
-771.849,4492.989,999.0,999.0,-1.37,0.27,0,0.0
3269.317,4668.729,999.0,999.0,-0.49,0.23,0,0.0
1946.651,1707.012,999.0,999.0,-0.48,0.2,0,3.458994898362093e-219
1592.905,2025.694,46.888,3.05,-1.05,0.24,0,2.641309026325897e-215
4440.734,-1654.845,-35.555,5.46,-0.79,0.25,0,0.0
4361.014,230.675,999.0,999.0,-0.43,0.23,0,0.0
4564.424,-1983.958,-33.431,4.79,-0.46,0.29,0,0.0
3301.599,1733.878,999.0,999.0,-0.78,0.23,0,0.0
235.961,1189.091,999.0,999.0,-0.9,0.24,0,4.81173210899077e-46
1122.143,2270.786,999.0,999.0,-0.57,0.26,0,4.520990819848383e-204
3727.166,257.409,999.0,999.0,-0.85,0.2,0,0.0
3005.705,-1104.212,999.0,999.0,-0.15,0.29,0,1.0392215934011178e-305
648.019,-3059.335,999.0,999.0,-0.47,0.28,0,3.807879440666082e-274
4170.923,-1677.858,999.0,999.0,-0.54,0.24,0,0.0
3075.148,3944.114,999.0,999.0,-0.71,0.22,0,0.0
4629.442,3419.273,-99.595,5.76,-0.09,0.27,0,0.0
1607.581,-1439.642,999.0,999.0,-0.85,0.21,0,5.73746864442541e-137
3388.738,2701.026,999.0,999.0,-0.73,0.22,0,0.0
-3789.857,-2666.689,999.0,999.0,-0.88,0.22,0,0.0
-1585.65,4342.716,999.0,999.0,-0.82,0.23,0,0.0
4981.23,434.249,999.0,999.0,-0.72,0.24,0,0.0
-1178.97,-798.302,999.0,999.0,-0.41,0.26,0,2.4014074579813267e-45
-1147.489,-3977.514,999.0,999.0,0.19,0.22,0,0.0
-2012.931,-1103.46,999.0,999.0,-0.44,0.3,0,6.993197765295756e-132
-3291.125,3977.109,999.0,999.0,-0.4,0.27,0,0.0
873.081,1473.696,999.0,999.0,-0.65,0.29,0,7.382968990711404e-97
3369.338,-1547.088,999.0,999.0,-0.16,0.25,0,0.0
-736.053,-1902.248,999.0,999.0,-0.69,0.26,0,4.037038188097769e-110
-4603.611,-3529.268,999.0,999.0,-1.03,0.21,0,0.0
914.034,-2412.323,999.0,999.0,-0.65,0.21,0,3.1616229486163983e-187
-1927.696,-1246.404,999.0,999.0,-0.66,0.29,0,5.2719705388967394e-133
-1908.568,4719.22,999.0,999.0,-0.62,0.21,0,0.0
-4497.705,392.698,999.0,999.0,-0.49,0.28,0,0.0
1588.172,739.141,999.0,999.0,-0.3,0.28,0,1.908300546589422e-104
3404.991,-4860.317,32.164,4.04,-0.72,0.24,0,0.0
3026.701,4539.768,999.0,999.0,-0.19,0.26,0,0.0
4251.308,-467.708,999.0,999.0,-1.07,0.23,0,0.0
2818.295,525.122,999.0,999.0,-0.42,0.27,0,2.3385129228910884e-261
268.499,-4378.083,999.0,999.0,-0.75,0.23,0,0.0
-3812.522,2125.611,999.0,999.0,-0.39,0.21,0,0.0
-3728.385,-878.319,999.0,999.0,-0.16,0.22,0,0.0
-693.528,3573.921,999.0,999.0,-0.99,0.27,0,0.0
3723.26,15.054,999.0,999.0,-0.12,0.26,0,0.0
4343.208,-3551.353,-35.001,4.2,-0.16,0.27,0,0.0
4650.742,-143.887,999.0,999.0,-0.59,0.24,0,0.0
-3593.03,606.896,999.0,999.0,-0.51,0.26,0,0.0
-1186.733,229.257,999.0,999.0,-0.84,0.21,0,3.0202760901618415e-28
-2684.588,-4598.569,999.0,999.0,-0.27,0.26,0,0.0
-1867.671,4821.157,999.0,999.0,0.09,0.26,0,0.0
2045.765,-2342.38,999.0,999.0,-0.6,0.23,0,1.572096482306206e-276
2576.017,4344.075,999.0,999.0,-0.41,0.21,0,0.0
1954.973,-4208.838,53.0,4.47,-0.48,0.25,0,0.0
3189.506,-4632.346,999.0,999.0,0.11,0.28,0,0.0
-217.817,4060.639,999.0,999.0,-0.28,0.26,0,0.0
2847.512,-4769.745,999.0,999.0,-0.7,0.21,0,0.0
2263.346,-241.423,999.0,999.0,-0.86,0.29,0,1.1507935436473792e-163
-4798.908,2715.852,999.0,999.0,-0.45,0.2,0,0.0
472.08,-3457.721,999.0,999.0,-0.47,0.22,0,0.0
2692.948,-3192.262,999.0,999.0,-0.95,0.28,0,0.0
1512.758,3124.446,999.0,999.0,-0.84,0.3,0,0.0
-2232.674,-2330.055,999.0,999.0,-0.32,0.2,0,4.120818212792231e-282
705.211,-942.436,999.0,999.0,-0.46,0.29,0,1.1043462874596364e-40
1606.426,-140.718,999.0,999.0,-0.95,0.26,0,1.0536966699081377e-85
-2710.865,-2022.82,999.0,999.0,-0.21,0.23,0,3.338502536204687e-307
2135.099,3732.821,-67.873,4.59,-0.15,0.22,0,0.0
2033.951,1192.407,-18.118,4.01,-0.53,0.25,0,1.8054638415736527e-183
4300.767,1207.777,999.0,999.0,-0.72,0.27,0,0.0
869.918,1022.611,999.0,999.0,-0.66,0.29,0,2.9904940871154883e-62
-772.724,-966.693,999.0,999.0,-0.84,0.21,0,1.8024910026105111e-34
2050.02,-1921.514,-76.83,4.64,-1.01,0.21,0,2.2401854360610765e-228
2215.23,-2157.457,999.0,999.0,-0.78,0.24,0,5.975587981327132e-275
-2040.711,-1371.666,-34.453,3.87,-0.16,0.21,0,9.414849153130187e-155
-1672.232,-1951.238,-18.597,3.97,-0.7,0.2,0,6.358940006000702e-175
-2244.47,-441.279,999.0,999.0,-0.68,0.26,0,1.6169232682116376e-126
4885.287,2478.936,-4.516,4.2,-0.67,0.3,0,0.0
-1048.625,2030.957,999.0,999.0,-0.45,0.27,0,1.3199765804404476e-137
-4574.944,-3867.745,999.0,999.0,-0.75,0.28,0,0.0
-2802.103,-3237.232,999.0,999.0,0.01,0.22,0,0.0
-1861.695,1738.686,999.0,999.0,-0.84,0.29,0,1.0721844982204634e-161
-2982.877,361.573,999.0,999.0,-0.14,0.25,0,1.9829730088313307e-223
-3254.839,4552.246,-39.373,4.09,-0.66,0.22,0,0.0
-3274.573,4267.424,999.0,999.0,-0.8,0.27,0,0.0
2738.397,1969.981,999.0,999.0,-0.57,0.26,0,0.0
2485.75,-2505.157,999.0,999.0,-1.07,0.3,0,0.0
4588.075,865.58,999.0,999.0,-0.37,0.28,0,0.0
-1963.598,-147.318,106.746,4.05,-0.08,0.25,0,9.99582025367574e-90
4549.603,2102.963,999.0,999.0,-0.29,0.22,0,0.0
-1915.457,-2824.878,999.0,999.0,-0.53,0.27,0,0.0
-2614.493,-4684.849,-80.338,4.16,-0.49,0.21,0,0.0
3888.667,1058.191,999.0,999.0,-0.6,0.2,0,0.0
-1992.27,-2339.381,999.0,999.0,-0.25,0.25,0,1.3572005355075002e-255
-1826.417,1181.877,999.0,999.0,-0.88,0.21,0,6.66532205813828e-113
-772.347,-4442.256,1.387,4.86,-1.03,0.29,0,0.0
-3568.898,4916.847,-20.16,4.64,-0.44,0.26,0,0.0
-884.152,1674.252,999.0,999.0,-0.21,0.22,0,6.9557755229445356e-93
1845.05,-175.614,999.0,999.0,-0.48,0.23,0,3.5981506029506326e-111
515.813,-4995.538,999.0,999.0,-0.49,0.25,0,0.0
-4979.216,-4335.999,999.0,999.0,-0.54,0.24,0,0.0
3077.76,-2880.322,999.0,999.0,-0.08,0.21,0,0.0
-3018.005,-4988.724,999.0,999.0,-1.18,0.2,0,0.0
-4299.72,-2982.453,-20.391,3.79,-0.12,0.27,0,0.0
-2248.946,-839.251,-45.855,4.26,-0.93,0.23,0,4.793794178830292e-143
-858.444,2838.548,999.0,999.0,-0.76,0.23,0,1.6802360324212206e-243
-761.101,383.167,999.0,999.0,-0.16,0.29,0,7.96294388321663e-12
2667.74,4783.802,54.14,5.86,-0.83,0.22,0,0.0
-1787.237,-4027.807,999.0,999.0,-1.03,0.24,0,0.0
-335.715,2354.704,999.0,999.0,-0.63,0.21,0,2.5831925650598615e-161
-2723.737,-1961.229,999.0,999.0,-0.72,0.23,0,8.936147857451551e-302
4013.661,-3595.891,999.0,999.0,-0.23,0.27,0,0.0
1103.96,-4618.767,999.0,999.0,-0.81,0.21,0,0.0
-160.221,-1325.518,999.0,999.0,-0.85,0.27,0,1.2049875376802134e-45
-2724.544,-2790.853,-37.297,6.13,-0.64,0.24,0,0.0
4350.343,-4424.692,-75.953,4.87,-0.38,0.28,0,0.0
-143.948,-4018.994,999.0,999.0,-0.37,0.24,0,0.0
1925.378,-2379.177,999.0,999.0,-0.49,0.29,0,2.329049391948397e-267
1289.806,-4109.555,999.0,999.0,-0.2,0.23,0,0.0
-2941.221,1140.563,999.0,999.0,-0.52,0.25,0,1.0212727424100453e-246
1204.116,2652.994,999.0,999.0,-0.57,0.23,0,7.04963155193407e-267
3986.644,3810.774,999.0,999.0,-0.53,0.28,0,0.0
2130.119,4875.869,999.0,999.0,-1.4,0.29,0,0.0
2027.285,1402.335,999.0,999.0,0.22,0.22,0,7.87880809463399e-200
4204.519,236.9,999.0,999.0,-0.56,0.23,0,0.0
-978.127,-969.117,999.0,999.0,-0.66,0.28,0,2.5012169439112086e-43
2983.501,-2007.822,999.0,999.0,-0.46,0.21,0,0.0
2504.249,-2722.346,-30.637,5.73,-0.97,0.24,0,0.0
97.425,-2029.529,999.0,999.0,0.0,0.26,0,4.385125924408728e-113
-2810.358,522.422,999.0,999.0,-0.69,0.27,0,2.490983723692823e-200
696.301,2240.72,999.0,999.0,-0.75,0.29,0,7.498823794550962e-172
3568.486,1105.52,999.0,999.0,-0.62,0.21,0,0.0
-4655.257,-4632.801,15.462,4.26,-0.49,0.28,0,0.0
4474.607,1498.635,-5.168,4.5,-0.23,0.28,0,0.0
3917.157,-3560.402,-19.907,2.9,-0.68,0.25,0,0.0
-4862.046,187.388,999.0,999.0,0.33,0.25,0,0.0
-4068.266,4976.471,999.0,999.0,-0.26,0.28,0,0.0
65.314,-2068.914,999.0,999.0,-0.39,0.23,0,2.3504540100261197e-117
-2692.621,4709.103,-159.527,4.01,-0.72,0.29,0,0.0
-1238.272,323.297,999.0,999.0,-0.73,0.25,0,1.101142191230638e-32
1265.591,-648.719,999.0,999.0,-0.5,0.27,0,7.137729594447261e-64
-3681.288,2641.396,-72.085,4.25,-0.5,0.2,0,0.0
3048.08,2066.823,999.0,999.0,-0.34,0.26,0,0.0
-104.292,3707.1,999.0,999.0,-1.14,0.28,0,0.0
1734.0,1821.191,999.0,999.0,-1.08,0.23,0,1.4182047682448344e-206
-3281.297,2874.948,999.0,999.0,-0.63,0.28,0,0.0
-231.645,-2438.306,999.0,999.0,-0.51,0.24,0,7.426759951293618e-165
1526.679,3993.682,999.0,999.0,-0.82,0.28,0,0.0
57.925,82.302,-1.513,4.88,-0.29,0.27,0,0.969216491121638
-2292.167,3280.925,999.0,999.0,-0.46,0.27,0,0.0
2536.255,-4562.259,999.0,999.0,-0.37,0.28,0,0.0
473.23,-1587.0,999.0,999.0,-0.17,0.23,0,3.8081988682530805e-76
-2454.877,-2989.877,999.0,999.0,-1.07,0.24,0,0.0
-790.759,-1097.819,999.0,999.0,-0.67,0.27,0,6.625877886548969e-43
814.631,-768.824,999.0,999.0,-0.22,0.23,0,2.5840404726112574e-38
3030.013,2102.038,-60.25,6.16,-0.49,0.26,0,0.0
-4823.821,-3926.732,-26.768,4.87,-0.53,0.2,0,0.0
-2126.781,3763.893,999.0,999.0,-0.2,0.29,0,0.0
-2247.358,-1899.524,999.0,999.0,-0.35,0.22,0,5.033618404088336e-230
-513.925,1024.871,999.0,999.0,-0.79,0.24,0,4.059962148200185e-32
-4565.586,2481.701,999.0,999.0,-0.53,0.27,0,0.0
2229.788,-936.378,-19.48,4.87,-0.52,0.23,0,2.318320440604466e-177
-4991.334,4630.07,999.0,999.0,-0.74,0.25,0,0.0
-868.947,4917.511,999.0,999.0,-0.78,0.25,0,0.0
2532.372,3327.228,-82.229,4.27,-0.1,0.23,0,0.0
-3880.901,-1003.926,-27.996,4.25,-0.9,0.25,0,0.0
66.389,-1214.861,999.0,999.0,-0.77,0.2,0,1.3903403742004142e-38
1187.441,-1341.973,999.0,999.0,-0.34,0.27,0,4.541007868422731e-94
4958.0,-748.744,999.0,999.0,-0.42,0.2,0,0.0
4774.461,-4777.895,-101.383,4.88,-0.08,0.23,0,0.0
-3779.704,2360.143,999.0,999.0,-0.14,0.3,0,0.0
-1408.258,-2200.551,999.0,999.0,-0.69,0.22,0,2.631004830230369e-183
-2114.705,2490.021,999.0,999.0,-0.26,0.27,0,5.6542959915096205e-276
1205.741,2537.023,-65.548,4.25,-0.14,0.3,0,4.530241523630438e-249
1306.25,4006.497,999.0,999.0,-0.54,0.22,0,0.0
-4746.173,-1666.074,999.0,999.0,-0.34,0.22,0,0.0
2206.107,-3623.389,999.0,999.0,-0.47,0.27,0,0.0
-4398.703,197.864,999.0,999.0,-0.69,0.29,0,0.0
4931.271,-377.962,999.0,999.0,-0.43,0.27,0,0.0
158.704,-3975.961,999.0,999.0,-0.94,0.21,0,0.0
3848.321,-2890.776,999.0,999.0,-0.7,0.23,0,0.0
-1288.546,1869.865,7.682,2.86,-0.63,0.27,0,4.816433870980731e-132
4727.765,-3013.922,999.0,999.0,-0.47,0.22,0,0.0
-1690.049,-448.565,999.0,999.0,-1.04,0.3,0,1.004268562771087e-69
3566.43,-829.454,999.0,999.0,-0.78,0.24,0,0.0
1463.274,-2543.785,999.0,999.0,-0.16,0.22,0,5.921973889673483e-244
3449.198,-4969.064,999.0,999.0,-0.69,0.27,0,0.0
-1658.455,-2311.479,-61.897,3.81,-0.21,0.22,0,1.3186024852117845e-218
3475.4,-935.918,999.0,999.0,-0.69,0.26,0,0.0
4731.561,360.513,-17.239,4.23,-0.53,0.21,0,0.0
3694.257,-3874.5,999.0,999.0,-0.56,0.24,0,0.0
-564.557,1711.593,36.804,4.88,-0.7,0.27,0,8.786055893449347e-88
444.822,2724.95,25.151,3.81,-0.38,0.24,0,6.428480217310292e-231
609.043,2103.055,999.0,999.0,-0.05,0.27,0,1.3318602248504242e-149
-1460.416,605.06,-33.257,6.31,-0.4,0.23,0,1.645822165717918e-54
4130.071,-966.5,999.0,999.0,-0.84,0.24,0,0.0
4222.705,-1101.754,-54.907,4.2,-0.55,0.27,0,0.0
4889.449,4515.362,999.0,999.0,-0.34,0.27,0,0.0
4260.937,396.447,-41.136,4.53,-0.64,0.22,0,0.0
3810.341,4574.425,999.0,999.0,0.09,0.29,0,0.0
220.475,-4724.389,999.0,999.0,-0.45,0.25,0,0.0
367.28,4063.715,999.0,999.0,-0.78,0.2,0,0.0
3666.251,1539.696,999.0,999.0,-0.88,0.22,0,0.0
-3800.43,-1607.275,999.0,999.0,-0.55,0.2,0,0.0
1696.173,2856.514,999.0,999.0,-0.88,0.28,0,0.0
-4810.869,1297.869,-38.892,4.34,-0.52,0.24,0,0.0
-3567.476,-4048.801,999.0,999.0,-0.42,0.29,0,0.0
-1903.455,-4561.059,53.628,4.93,-0.7,0.22,0,0.0
-127.682,-3970.153,999.0,999.0,-0.29,0.28,0,0.0
-2648.898,-2346.335,999.0,999.0,-0.52,0.23,0,0.0
1654.592,-4586.257,999.0,999.0,-0.6,0.27,0,0.0
4030.938,3948.037,999.0,999.0,-0.88,0.3,0,0.0
3125.13,-2345.992,999.0,999.0,-1.16,0.26,0,0.0
1358.383,4556.527,999.0,999.0,-0.37,0.2,0,0.0
-3681.613,483.974,999.0,999.0,-0.24,0.28,0,0.0
2251.334,-206.929,999.0,999.0,-0.76,0.24,0,7.496985848880536e-162
2282.897,3689.274,999.0,999.0,-0.53,0.22,0,0.0
8.061,-733.812,999.0,999.0,-0.64,0.27,0,3.721957444515661e-12
4041.729,1678.81,999.0,999.0,-0.54,0.29,0,0.0
-2128.276,890.746,-103.885,5.78,-1.0,0.29,0,2.1703883597770696e-126
-3801.759,-350.89,999.0,999.0,-0.17,0.29,0,0.0
221.208,-1669.771,999.0,999.0,-0.49,0.29,0,2.227861592986131e-77
-1258.542,-4833.83,999.0,999.0,-0.39,0.29,0,0.0
-333.225,828.819,-183.241,2.77,0.06,0.29,0,3.4469886950812887e-19
-529.019,-1311.656,999.0,999.0,-0.13,0.24,0,1.5334614935459858e-49
-4457.465,4024.937,999.0,999.0,-0.23,0.26,0,0.0
-3628.252,1814.271,999.0,999.0,-0.63,0.23,0,0.0
2969.037,2078.274,999.0,999.0,-0.45,0.23,0,0.0
4907.284,3498.69,999.0,999.0,-0.4,0.24,0,0.0
3013.949,-571.145,-93.985,4.01,-0.21,0.21,0,1.4901676922601395e-286
370.795,-1456.617,999.0,999.0,-0.73,0.28,0,4.015027211542992e-62
837.353,2694.047,-5.461,6.8,-0.34,0.27,0,1.9111133807554644e-246
2983.458,-1205.618,-12.047,5.42,-0.55,0.2,0,1.3848022164774795e-307
-1590.511,-314.132,999.0,999.0,-0.1,0.21,0,3.80003831061926e-58
2173.497,2197.757,999.0,999.0,-0.78,0.23,0,1.5009959179591149e-307
145.373,-3481.367,-64.353,3.92,0.17,0.24,0,0.0
2944.822,-2873.831,999.0,999.0,-0.89,0.27,0,0.0
1817.522,1039.02,999.0,999.0,-0.66,0.24,0,2.0753450839583605e-146
-2475.578,2224.876,-92.04,4.5,-0.39,0.22,0,3.7397732873536995e-282
4888.031,172.607,999.0,999.0,-0.54,0.21,0,0.0
2987.299,-56.106,999.0,999.0,-0.54,0.2,0,1.9524352591826014e-277
-3775.206,1272.539,999.0,999.0,-0.45,0.26,0,0.0
-3673.962,-850.592,999.0,999.0,-0.53,0.22,0,0.0
-1057.585,-4848.441,999.0,999.0,-0.52,0.22,0,0.0
2563.886,-499.666,999.0,999.0,-0.61,0.29,0,1.5087730846616442e-210
-3382.927,-3533.279,999.0,999.0,-0.75,0.22,0,0.0
-4094.12,-4949.459,999.0,999.0,-0.8,0.21,0,0.0
-3889.469,-2101.425,999.0,999.0,-0.92,0.26,0,0.0
-3989.119,-2710.166,999.0,999.0,-0.66,0.21,0,0.0
1302.93,-1972.113,999.0,999.0,-1.03,0.3,0,1.2001534788973372e-159
-1299.545,1722.512,999.0,999.0,-0.48,0.28,0,1.3901847515172603e-117
-2015.779,-4168.133,999.0,999.0,-0.8,0.21,0,0.0
-1991.396,-4300.5,-105.839,4.68,-0.73,0.3,0,0.0
1693.797,1034.585,999.0,999.0,-0.04,0.25,0,2.1811558171880886e-132
4915.466,-4492.974,999.0,999.0,-0.67,0.28,0,0.0
3382.677,-876.675,10.544,5.78,-0.49,0.23,0,0.0
-4612.685,812.625,999.0,999.0,-0.74,0.27,0,0.0
1330.056,-1314.423,999.0,999.0,-0.63,0.28,0,4.2010246634227716e-103
-3006.172,-578.797,999.0,999.0,-0.88,0.22,0,7.313862731513409e-238
3539.635,635.671,999.0,999.0,-0.49,0.26,0,0.0
65.691,-4626.727,999.0,999.0,-1.05,0.22,0,0.0
-1458.943,2042.961,999.0,999.0,-0.39,0.27,0,3.6201153756289254e-162
-71.19,-839.657,-80.929,4.13,-0.23,0.22,0,2.7711236748067897e-16
-2904.141,-4315.355,999.0,999.0,-0.64,0.24,0,0.0
2408.11,-1933.04,999.0,999.0,-0.21,0.27,0,2.902536054239064e-276
183.468,-1937.757,-66.222,4.03,-0.61,0.2,0,6.807473951459126e-104
2190.95,-2038.239,999.0,999.0,-0.52,0.25,0,2.522489134290547e-258
-4709.467,2116.427,-41.724,4.11,-0.31,0.22,0,0.0
687.547,4187.164,-33.902,4.87,-0.7,0.29,0,0.0
-1956.47,999.137,999.0,999.0,-0.37,0.28,0,3.4833794249704675e-114
-3012.954,-1651.432,999.0,999.0,-0.35,0.26,0,1.9268560188e-313
1361.701,-2742.652,999.0,999.0,-0.69,0.24,0,9.870131042319021e-265
2725.957,248.448,999.0,999.0,-0.22,0.28,0,2.6711284123153766e-237
4153.162,4204.736,999.0,999.0,-0.32,0.21,0,0.0
124.024,-1506.536,999.0,999.0,-0.79,0.25,0,2.1429321726665048e-61
-2337.895,1906.469,999.0,999.0,-0.97,0.29,0,1.0655474231800369e-228
1270.146,3259.264,999.0,999.0,-1.31,0.28,0,0.0
-2964.443,4723.063,51.693,4.65,-0.26,0.2,0,0.0
1617.979,2874.552,999.0,999.0,-0.09,0.3,0,0.0
-993.777,1243.526,999.0,999.0,-0.36,0.25,0,4.211889577036056e-61
-297.677,2898.839,999.0,999.0,-0.75,0.23,0,2.159693787515006e-244
-18.582,4051.983,999.0,999.0,-0.29,0.26,0,0.0
4720.306,-1977.954,999.0,999.0,-0.77,0.29,0,0.0
-499.134,-1126.86,999.0,999.0,-0.11,0.25,0,4.698073255005831e-36
-2427.298,299.987,999.0,999.0,-0.9,0.21,0,2.494195018670863e-143
-3636.616,-1325.903,999.0,999.0,-0.68,0.21,0,0.0
181.948,-4324.936,-0.25,4.03,-0.46,0.28,0,0.0
4153.117,1084.078,999.0,999.0,-0.8,0.23,0,0.0
-2773.928,4174.788,999.0,999.0,-0.53,0.23,0,0.0
-2477.187,-2528.155,999.0,999.0,-0.41,0.22,0,0.0
-4846.332,3936.942,999.0,999.0,-0.39,0.28,0,0.0
4183.976,935.225,999.0,999.0,-0.0,0.23,0,0.0
-4166.471,-826.389,-35.944,6.1,-0.73,0.28,0,0.0
-462.108,4422.951,999.0,999.0,-0.49,0.27,0,0.0
3127.743,-3643.365,999.0,999.0,-1.02,0.28,0,0.0
4582.925,-273.123,999.0,999.0,-0.8,0.24,0,0.0
4542.574,-3572.926,999.0,999.0,-0.33,0.29,0,0.0
881.112,1702.557,999.0,999.0,-0.43,0.25,0,2.6166447057694226e-119
4962.152,1530.902,999.0,999.0,-0.99,0.21,0,0.0
2413.157,4955.011,-104.075,4.09,-0.15,0.3,0,0.0
-4108.51,3288.242,999.0,999.0,-0.34,0.24,0,0.0
1439.504,4964.829,999.0,999.0,-0.91,0.25,0,0.0
-21.731,1627.542,999.0,999.0,-0.74,0.27,0,7.203355698640156e-78
2788.926,4217.797,999.0,999.0,-0.44,0.26,0,0.0
-1029.605,-543.445,999.0,999.0,-0.98,0.21,0,3.33077087577536e-27
-2994.569,-2682.731,999.0,999.0,-0.69,0.25,0,0.0
-4573.468,3518.329,999.0,999.0,-0.63,0.21,0,0.0
-2924.376,1336.788,999.0,999.0,-0.06,0.21,0,3.6117702629433704e-257
-1404.174,3562.427,15.739,4.54,-0.49,0.23,0,0.0
4360.539,1755.835,-59.125,4.44,-0.66,0.29,0,0.0
951.896,1279.244,999.0,999.0,-0.33,0.3,0,1.2608391009108857e-85
-4852.848,4290.574,999.0,999.0,0.13,0.2,0,0.0
-4902.529,4670.153,999.0,999.0,-0.46,0.24,0,0.0
-425.725,3314.596,2.251,3.04,-0.57,0.24,0,0.0
-3589.624,-1644.724,999.0,999.0,-0.3,0.21,0,0.0
276.31,2620.264,-49.016,4.25,-0.99,0.27,0,2.2988630383344335e-208
-2191.496,3384.571,999.0,999.0,-0.69,0.25,0,0.0
-3519.195,-4281.951,999.0,999.0,-0.6,0.29,0,0.0
-4796.563,-4461.476,-94.974,4.5,-0.41,0.29,0,0.0
2836.821,4482.092,999.0,999.0,-1.03,0.3,0,0.0
679.777,-4947.336,999.0,999.0,-0.73,0.29,0,0.0
4362.853,475.312,999.0,999.0,-1.25,0.25,0,0.0
610.708,-1134.426,999.0,999.0,-0.13,0.25,0,2.7436487592470074e-47
-2508.577,1943.288,999.0,999.0,-0.29,0.26,0,1.3557556548105471e-253
-4223.27,-1824.649,999.0,999.0,-0.82,0.27,0,0.0
-2603.818,-3535.881,-129.774,4.2,-0.62,0.29,0,0.0
-346.453,-3195.968,999.0,999.0,-0.45,0.28,0,2.55374505470716e-288
184.351,-514.064,999.0,999.0,-0.2,0.25,0,4.0092993649578825e-07
-4954.083,4220.301,999.0,999.0,-1.26,0.29,0,0.0
1437.379,2999.626,999.0,999.0,-0.51,0.22,0,0.0
-1087.542,-1644.019,999.0,999.0,-0.79,0.23,0,4.534513906437517e-100
-1219.513,-4461.601,999.0,999.0,-0.11,0.27,0,0.0
-646.811,-2710.977,999.0,999.0,-0.01,0.3,0,4.759107560022204e-214
3954.809,-452.642,999.0,999.0,-0.35,0.25,0,0.0
707.178,1969.813,999.0,999.0,-0.8,0.22,0,1.6709784319779485e-138
-2464.891,4341.31,-106.08,3.27,-0.61,0.27,0,0.0
4448.972,-1906.354,999.0,999.0,-0.3,0.25,0,0.0
4919.263,-4644.04,999.0,999.0,-0.7,0.28,0,0.0
-1363.739,-3760.938,-33.78,3.87,-0.12,0.28,0,0.0
-78.059,-3479.569,999.0,999.0,-0.73,0.28,0,0.0
2711.668,-1999.57,-81.181,6.0,-0.81,0.27,0,0.0
-3392.25,-2412.399,999.0,999.0,-0.56,0.2,0,0.0
3473.133,4883.93,-34.946,4.27,-0.3,0.22,0,0.0
-268.76,4939.224,999.0,999.0,-0.88,0.23,0,0.0
-1320.31,-752.463,-18.449,5.19,-0.71,0.28,0,3.523348694816515e-52
-2177.534,-550.612,999.0,999.0,-1.04,0.21,0,3.500711454140697e-122
-4551.786,724.981,999.0,999.0,-0.29,0.29,0,0.0
2822.67,-3212.401,999.0,999.0,-0.74,0.25,0,0.0
-744.027,3882.67,999.0,999.0,-0.66,0.26,0,0.0
-1881.865,2312.083,-11.485,3.92,-0.39,0.22,0,4.146214043908942e-229
-3968.194,-3581.336,999.0,999.0,-0.48,0.28,0,0.0
4983.205,2266.26,999.0,999.0,-0.74,0.25,0,0.0
-1367.81,-868.537,999.0,999.0,-1.12,0.23,0,5.555935406564103e-61
2157.337,-3422.138,999.0,999.0,-0.61,0.2,0,0.0
-1768.278,1072.73,999.0,999.0,-0.0,0.23,0,7.435003516328344e-101
913.916,4712.523,999.0,999.0,-0.5,0.22,0,0.0
962.169,3751.103,999.0,999.0,-1.03,0.27,0,0.0
-2991.032,4700.276,999.0,999.0,-0.59,0.26,0,0.0
66.137,1458.21,999.0,999.0,-0.41,0.29,0,1.0907326069413631e-63
1816.364,779.615,999.0,999.0,-1.07,0.27,0,5.955366013486424e-131
-1482.551,822.519,999.0,999.0,-0.47,0.28,0,9.547444897529912e-65
-1450.247,-924.969,999.0,999.0,-0.77,0.2,0,6.155594899592376e-70
-1572.167,4419.883,-42.933,2.48,-0.62,0.22,0,0.0
-1241.788,3058.835,999.0,999.0,-0.76,0.28,0,3.109727665242305e-297
2539.762,-3742.095,999.0,999.0,0.17,0.24,0,0.0
-4259.086,610.943,999.0,999.0,-0.46,0.29,0,0.0
670.912,-2199.073,999.0,999.0,-0.76,0.24,0,5.1774766318966844e-148
-1715.554,-4293.577,999.0,999.0,-1.16,0.24,0,0.0
-4470.925,3437.996,999.0,999.0,-0.28,0.24,0,0.0
-4080.133,2546.35,999.0,999.0,-0.54,0.21,0,0.0
-3408.802,2794.849,999.0,999.0,-0.98,0.26,0,0.0
-1181.773,-368.946,999.0,999.0,-0.16,0.2,0,8.867618501859553e-31
-97.94,3166.905,999.0,999.0,-0.81,0.25,0,7.903696610039936e-293
-1768.745,-1919.943,999.0,999.0,-0.56,0.21,0,2.6672336359984344e-180
-819.033,-391.657,-143.796,4.79,-0.35,0.23,0,7.670513796851929e-14
-1744.369,-279.688,999.0,999.0,-0.98,0.3,0,1.1891978357055873e-70
1652.733,-2011.721,999.0,999.0,-0.61,0.23,0,1.0861833836916326e-194
2100.797,1559.464,999.0,999.0,-0.57,0.21,0,6.699748089628863e-224
-2127.926,-4674.263,999.0,999.0,-0.44,0.26,0,0.0
-542.657,4335.612,999.0,999.0,-0.44,0.24,0,0.0
4000.061,-2049.393,999.0,999.0,-0.53,0.29,0,0.0
-4145.682,898.762,999.0,999.0,-0.29,0.27,0,0.0
1176.255,1611.63,999.0,999.0,-0.26,0.27,0,2.796548007424631e-131
4305.723,-380.374,999.0,999.0,-0.83,0.29,0,0.0
3355.282,2561.411,999.0,999.0,-1.08,0.29,0,0.0
318.828,-2395.74,999.0,999.0,-0.32,0.26,0,3.025159160574874e-162
2287.164,512.119,-19.887,4.0,-0.62,0.21,0,1.0417624453520551e-178
1842.904,3500.276,999.0,999.0,-0.71,0.24,0,0.0
-4474.839,-873.989,999.0,999.0,-0.55,0.27,0,0.0
2172.086,2859.09,999.0,999.0,-0.88,0.23,0,0.0
-3038.556,3415.307,999.0,999.0,-0.67,0.22,0,0.0
1162.457,-2689.734,999.0,999.0,-0.71,0.2,0,5.234358772444623e-242
-1207.01,3050.271,999.0,999.0,-0.86,0.21,0,6.491923008477316e-294
-3500.468,3619.262,999.0,999.0,-0.22,0.21,0,0.0
72.28,-1623.335,999.0,999.0,-0.23,0.22,0,4.512174750389483e-71
3318.542,2888.087,999.0,999.0,-0.28,0.29,0,0.0
-4578.441,345.52,999.0,999.0,-1.06,0.23,0,0.0
3735.805,-2115.656,-66.43,5.29,-0.26,0.24,0,0.0
3892.565,3755.768,-46.749,3.42,-1.17,0.25,0,0.0
-2874.86,-2050.384,999.0,999.0,-0.77,0.21,0,0.0
4612.283,-2606.745,999.0,999.0,-0.69,0.22,0,0.0
4753.196,312.356,102.966,4.53,-0.84,0.28,0,0.0
3596.166,4932.719,999.0,999.0,-0.56,0.26,0,0.0
1516.045,921.023,999.0,999.0,-0.66,0.25,0,4.180395383284236e-107
3222.702,-3114.861,-5.187,4.59,-0.14,0.21,0,0.0
1225.075,-1416.952,999.0,999.0,-0.19,0.25,0,1.9901169423300064e-102
-288.785,-3821.765,999.0,999.0,-0.72,0.23,0,0.0
-4306.261,-3680.145,999.0,999.0,-0.9,0.29,0,0.0
-2661.396,3052.847,999.0,999.0,-0.74,0.27,0,0.0
-4727.214,2989.766,999.0,999.0,-0.43,0.24,0,0.0
-979.052,-4544.746,999.0,999.0,-0.63,0.2,0,0.0
2187.805,2762.79,999.0,999.0,-0.94,0.29,0,0.0
2330.186,-170.279,999.0,999.0,-0.86,0.23,0,1.23789628137993e-172
-4885.77,2688.648,999.0,999.0,-0.8,0.23,0,0.0
2635.367,537.025,999.0,999.0,-0.93,0.23,0,9.889814662930288e-232
-2786.333,-4356.442,999.0,999.0,-0.39,0.28,0,0.0
-2237.195,-1700.131,999.0,999.0,-0.59,0.25,0,1.8831334275640575e-207
-2811.912,-2408.377,999.0,999.0,-0.5,0.21,0,0.0
-4931.442,-4322.842,999.0,999.0,0.15,0.23,0,0.0
-655.035,-407.496,-51.584,3.05,-0.76,0.29,0,9.57984668956226e-09
3469.287,-3505.999,999.0,999.0,-0.42,0.22,0,0.0
-3972.933,-887.593,999.0,999.0,0.24,0.3,0,0.0
3166.388,-1399.699,999.0,999.0,-0.75,0.29,0,0.0
-532.078,2865.393,999.0,999.0,-0.7,0.27,0,1.9156043551448587e-240
4967.421,3132.921,999.0,999.0,-0.34,0.28,0,0.0
-269.966,1924.481,999.0,999.0,-0.42,0.2,0,1.83244608736523e-107
2828.433,-2183.432,999.0,999.0,-0.65,0.23,0,0.0
2949.387,-2903.221,999.0,999.0,-0.59,0.24,0,0.0
-4678.085,447.366,999.0,999.0,-0.51,0.26,0,0.0
-3109.404,4707.776,999.0,999.0,-0.75,0.25,0,0.0
-3446.727,1615.45,999.0,999.0,-0.68,0.25,0,0.0
4473.198,-4049.17,-145.729,4.83,-0.53,0.22,0,0.0
-912.44,-1165.667,999.0,999.0,-1.06,0.27,0,2.24974763806234e-52
-3185.961,2953.445,999.0,999.0,-0.48,0.25,0,0.0
-1100.07,1317.017,999.0,999.0,-0.7,0.28,0,1.866731391608471e-71
-3738.742,1171.547,999.0,999.0,-0.39,0.27,0,0.0
734.972,-2117.659,999.0,999.0,-0.69,0.22,0,5.25819193624819e-141
-4154.593,4633.588,-118.725,2.95,-0.27,0.23,0,0.0
4219.236,-1534.412,999.0,999.0,-0.8,0.24,0,0.0
-639.804,788.782,999.0,999.0,-0.37,0.23,0,3.0979933339666624e-22
-386.217,-2354.731,999.0,999.0,-0.58,0.27,0,1.343451644555411e-155
2749.788,4594.495,-107.858,5.31,-0.23,0.24,0,0.0
2645.439,2595.256,999.0,999.0,-0.35,0.23,0,0.0
-3549.436,-2882.878,999.0,999.0,-0.27,0.26,0,0.0
313.78,-2974.965,999.0,999.0,-0.51,0.25,0,4.760524635554681e-250
-2747.556,4557.052,999.0,999.0,-0.6,0.25,0,0.0
-2282.088,50.009,999.0,999.0,-1.02,0.26,0,8.169995561712314e-124
3952.247,1879.389,999.0,999.0,-0.63,0.26,0,0.0
-2802.942,787.898,-47.126,4.88,-0.4,0.21,0,5.068779797222785e-208
658.674,1682.557,999.0,999.0,-0.53,0.29,0,1.2962076921607186e-104
-2634.98,1030.06,-24.391,4.9,-0.73,0.22,0,8.57065010773104e-196
-1920.963,-3825.198,999.0,999.0,-0.4,0.29,0,0.0
-4724.012,-257.49,999.0,999.0,-1.21,0.29,0,0.0
4608.688,1244.796,-69.838,3.02,-0.79,0.2,0,0.0
1472.48,-1994.777,999.0,999.0,-0.65,0.22,0,3.811243109981034e-176
4803.917,1114.329,999.0,999.0,-1.09,0.26,0,0.0
2286.834,972.915,999.0,999.0,-0.87,0.29,0,5.476353443784814e-202
-1572.178,3450.872,-32.383,4.52,-0.4,0.23,0,0.0
1414.505,-2283.981,999.0,999.0,-1.03,0.3,0,3.5349380083122526e-205
-3712.431,699.273,999.0,999.0,-0.59,0.25,0,0.0
-810.038,-3227.676,21.363,4.03,-0.32,0.27,0,1.2620045272528296e-308
4457.209,-384.75,999.0,999.0,-1.11,0.22,0,0.0
4141.875,-1037.743,16.981,2.98,-0.82,0.25,0,0.0
-4022.854,-1226.788,999.0,999.0,-0.57,0.23,0,0.0
-1675.176,-3864.206,999.0,999.0,-0.49,0.25,0,0.0
778.925,-2230.916,999.0,999.0,-0.41,0.3,0,8.658530741414467e-157
-1795.676,3729.353,999.0,999.0,-0.64,0.25,0,0.0
4770.305,4671.93,999.0,999.0,-0.89,0.26,0,0.0
-3869.6,2469.052,999.0,999.0,-0.33,0.21,0,0.0
-519.71,2628.357,999.0,999.0,-0.25,0.29,0,1.5677316436316652e-202
3901.365,3385.611,999.0,999.0,-0.59,0.22,0,0.0
-4343.74,-2103.77,999.0,999.0,-0.46,0.24,0,0.0
-1911.443,1821.201,999.0,999.0,-1.17,0.29,0,1.4064361374313784e-174
-1429.627,3356.168,999.0,999.0,-0.92,0.21,0,0.0
1531.399,4289.762,999.0,999.0,-0.71,0.24,0,0.0
1234.865,1592.858,999.0,999.0,-0.15,0.21,0,3.2559818184951484e-134
-2420.689,795.021,999.0,999.0,-0.49,0.27,0,2.8549356508695984e-156
2200.212,-3933.905,999.0,999.0,-0.41,0.26,0,0.0
2170.911,-778.799,999.0,999.0,-0.76,0.23,0,4.899271902706232e-163
-198.523,-1986.401,-42.913,4.65,-0.54,0.26,0,9.960684775146902e-108
3511.347,2387.347,999.0,999.0,-0.82,0.24,0,0.0
3741.388,-4217.149,999.0,999.0,-0.5,0.27,0,0.0
-3937.639,1657.355,999.0,999.0,-0.63,0.2,0,0.0
-1594.549,-1152.566,999.0,999.0,-0.55,0.25,0,2.4928820020308108e-95
-69.605,961.94,999.0,999.0,-0.46,0.24,0,2.5122934771098627e-26
521.106,419.192,-10.825,2.43,-0.92,0.3,0,2.9760253354606545e-17
876.872,-1482.872,999.0,999.0,-0.59,0.22,0,5.859857779928424e-85
1698.702,1661.531,999.0,999.0,-1.22,0.28,0,1.259473203509246e-185
2275.472,-893.887,-7.936,4.9,-0.61,0.21,0,1.398470141477925e-181
-150.636,44.826,999.0,999.0,-0.78,0.21,0,0.9992835385229434
-4521.177,1068.097,999.0,999.0,-0.86,0.25,0,0.0
4365.966,-3639.316,999.0,999.0,-0.87,0.21,0,0.0
1396.307,-818.138,999.0,999.0,-0.96,0.21,0,6.591923326833445e-81
-4052.271,-1390.651,999.0,999.0,-0.62,0.24,0,0.0
721.065,1210.253,-60.273,2.56,-0.56,0.29,0,1.2534338945885342e-66
-1918.876,2796.866,999.0,999.0,-0.32,0.25,0,1.0963023666779769e-302
4056.61,-963.541,999.0,999.0,-0.04,0.28,0,0.0
1665.896,4160.295,999.0,999.0,-0.33,0.27,0,0.0
4202.328,-1284.27,999.0,999.0,-0.13,0.22,0,0.0
-463.796,-4602.218,999.0,999.0,-0.55,0.22,0,0.0
-4280.483,1005.605,999.0,999.0,-0.42,0.28,0,0.0
-1065.337,-2276.648,999.0,999.0,-0.48,0.22,0,1.4661481891262525e-170
337.85,1015.624,999.0,999.0,-0.59,0.21,0,2.161807390096251e-37
-2914.702,-4026.812,999.0,999.0,-0.53,0.25,0,0.0
335.898,-2645.088,999.0,999.0,-0.7,0.27,0,4.4268561412164704e-198
-1111.795,-4887.982,999.0,999.0,-0.37,0.22,0,0.0
-2327.984,3788.909,999.0,999.0,-0.56,0.24,0,0.0
-3893.628,-3558.214,999.0,999.0,-0.5,0.26,0,0.0
-1267.128,2476.247,999.0,999.0,-0.62,0.23,0,3.3721403131169576e-206
2825.752,987.048,999.0,999.0,-1.23,0.26,0,5.594533906053751e-287
-1733.142,2115.33,999.0,999.0,-0.37,0.27,0,1.8305054288217138e-191
-738.356,1654.873,999.0,999.0,-0.54,0.28,0,2.6779556532567082e-86
2651.544,2537.219,18.161,2.9,-0.58,0.23,0,0.0
-1025.642,3407.221,999.0,999.0,-0.48,0.29,0,0.0
-1619.832,-1183.081,999.0,999.0,-0.8,0.22,0,1.4455735594609896e-99
2339.339,-243.511,999.0,999.0,-1.48,0.28,0,3.2697292933662287e-174
2728.347,-2555.835,999.0,999.0,-0.15,0.29,0,0.0
233.802,2588.3,999.0,999.0,-1.03,0.28,0,3.3837604280919494e-202
2291.925,-1516.077,999.0,999.0,-0.81,0.26,0,3.78154528212799e-222
-1798.081,-2817.502,999.0,999.0,-0.35,0.22,0,1.2962590866102949e-307
2781.724,3647.841,999.0,999.0,-0.89,0.28,0,0.0
2189.786,-3595.898,999.0,999.0,-0.82,0.22,0,0.0
3961.931,-3205.023,999.0,999.0,-0.35,0.3,0,0.0
4549.767,3670.254,999.0,999.0,-1.17,0.28,0,0.0
-3634.624,-147.425,999.0,999.0,-0.67,0.25,0,0.0
-4567.444,-4145.803,999.0,999.0,-0.45,0.29,0,0.0
-3739.396,4615.314,999.0,999.0,-0.51,0.29,0,0.0
-3885.795,2178.898,999.0,999.0,-0.53,0.22,0,0.0
2083.266,3998.092,999.0,999.0,-0.35,0.28,0,0.0
-2531.26,-752.416,-69.833,4.43,-0.81,0.27,0,9.439608474304744e-175
71.679,-2673.769,999.0,999.0,-0.47,0.28,0,1.276007657542523e-198
-92.507,3751.345,999.0,999.0,-0.39,0.22,0,0.0
-46.44,1613.33,999.0,999.0,-0.76,0.25,0,3.133403151891583e-76
3908.857,3050.653,999.0,999.0,-1.05,0.29,0,0.0
-1665.523,-4429.428,-45.132,3.83,-0.81,0.23,0,0.0
1598.197,1431.184,-24.86,4.05,-0.48,0.28,0,5.48992455430222e-153
-1393.869,98.094,1.833,4.96,-0.8,0.21,0,3.3224434520743647e-40
-3490.311,-1032.691,999.0,999.0,-0.65,0.22,0,0.0
-4760.188,-968.269,999.0,999.0,-0.53,0.22,0,0.0
647.269,3784.244,-18.157,5.3,-0.24,0.3,0,0.0
-2382.79,3354.135,999.0,999.0,-0.8,0.26,0,0.0
-4018.545,518.508,999.0,999.0,-0.6,0.23,0,0.0
2211.168,-627.013,999.0,999.0,-0.76,0.26,0,2.5256545799043535e-163
2225.042,-2719.946,999.0,999.0,-1.01,0.28,0,0.0
2951.777,3605.032,999.0,999.0,-0.36,0.24,0,0.0
660.706,-2832.891,999.0,999.0,-0.6,0.22,0,4.649947274584348e-237
-2695.747,2731.482,999.0,999.0,-0.5,0.22,0,0.0
141.185,4814.583,999.0,999.0,-0.03,0.22,0,0.0
1240.752,-4191.805,999.0,999.0,-0.5,0.28,0,0.0
2964.408,-601.17,999.0,999.0,-0.92,0.2,0,1.5643528486168308e-278
-4743.229,2456.672,999.0,999.0,-0.94,0.28,0,0.0
-2756.781,4825.047,999.0,999.0,-0.77,0.26,0,0.0
1956.199,-1293.732,85.097,4.02,-0.01,0.28,0,1.4080338556534802e-163
-1974.415,4339.078,-68.656,4.23,-0.24,0.23,0,0.0
1862.046,-1860.245,999.0,999.0,-0.63,0.28,0,1.6963080060504378e-200
613.897,-1945.729,-9.611,6.73,-0.4,0.22,0,2.0888845455237363e-116
2521.402,-2113.425,-31.287,4.45,0.17,0.29,0,4.63680608622e-312
-4512.104,-3610.505,999.0,999.0,-0.39,0.25,0,0.0
2794.768,4085.003,999.0,999.0,-0.88,0.25,0,0.0
-2345.836,-2276.164,999.0,999.0,-0.63,0.22,0,5.555821648480372e-289
2727.354,-56.784,999.0,999.0,-0.55,0.28,0,4.0046843947909427e-233
-1307.117,-3750.793,-48.958,3.02,-0.62,0.28,0,0.0
-2563.996,-1881.562,-7.667,4.41,-0.6,0.22,0,1.6376748752466285e-269
-2411.96,-1869.369,999.0,999.0,-0.31,0.22,0,1.6285886833976475e-247
339.538,-233.6,999.0,999.0,-0.62,0.29,0,1.7579883790588323e-05
-3571.909,3012.119,999.0,999.0,-0.73,0.26,0,0.0
1534.187,3306.628,999.0,999.0,-0.39,0.22,0,0.0
-241.666,2076.146,999.0,999.0,-0.62,0.29,0,3.497086181190617e-125
-1788.583,-1582.815,999.0,999.0,-0.75,0.27,0,1.9269081707782386e-147
-3956.674,4168.228,999.0,999.0,-0.95,0.27,0,0.0
4483.694,-4191.664,999.0,999.0,-0.36,0.28,0,0.0
-3086.665,3022.59,999.0,999.0,-0.35,0.26,0,0.0
4385.103,-2951.317,999.0,999.0,-0.26,0.23,0,0.0
-2804.977,-1766.439,999.0,999.0,-0.79,0.29,0,2.9744344950468323e-292
2786.556,-4219.091,999.0,999.0,-0.9,0.2,0,0.0
-821.286,-3983.597,-23.893,4.38,-0.27,0.24,0,0.0
3449.908,839.634,999.0,999.0,-1.15,0.28,0,0.0
-3422.008,-4825.275,999.0,999.0,-0.9,0.2,0,0.0
140.548,-1700.003,999.0,999.0,-0.81,0.21,0,5.426114113112506e-79
3286.827,186.964,999.0,999.0,-0.55,0.23,0,0.0
-2794.829,342.847,999.0,999.0,-0.66,0.24,0,2.152771401148569e-194
2940.954,421.18,-57.765,4.52,-1.28,0.3,0,8.849436643713451e-279
2127.168,-2413.0,999.0,999.0,-0.68,0.29,0,1.4703880346809233e-295
-4172.953,1261.143,999.0,999.0,-0.45,0.26,0,0.0
-4803.074,-4313.54,999.0,999.0,-0.52,0.23,0,0.0
-984.275,-3975.957,999.0,999.0,-0.74,0.25,0,0.0
2692.804,3857.414,43.539,5.34,-0.76,0.29,0,0.0
1905.092,777.938,-8.179,4.3,-0.4,0.26,0,3.522813922504567e-141
2585.966,1365.702,999.0,999.0,-0.18,0.24,0,1.8636125046722987e-276
1026.556,-3050.229,999.0,999.0,-0.53,0.22,0,3.673416332288493e-291
4869.231,36.532,999.0,999.0,-0.1,0.27,0,0.0
3689.925,-2523.267,999.0,999.0,-0.82,0.28,0,0.0
4705.468,2877.527,-17.895,4.65,-0.35,0.2,0,0.0
-2621.094,-565.13,999.0,999.0,-0.56,0.28,0,3.0420111435902427e-179
2659.888,-4625.791,-59.909,4.84,-0.41,0.28,0,0.0
2667.553,3082.011,999.0,999.0,-0.88,0.26,0,0.0
-43.024,-4686.286,43.673,2.9,-0.23,0.29,0,0.0
-636.498,3979.529,999.0,999.0,-0.6,0.26,0,0.0
188.046,2451.423,999.0,999.0,-0.41,0.23,0,1.085092910271029e-180
4512.005,2325.377,999.0,999.0,-0.85,0.28,0,0.0
2738.146,258.201,999.0,999.0,-0.15,0.27,0,1.57256875589528e-239
393.836,2935.392,999.0,999.0,0.23,0.29,0,6.8549161496610915e-264
-2354.047,-817.084,999.0,999.0,-0.77,0.3,0,8.470168314096337e-155
1695.564,-3883.967,45.784,4.13,0.1,0.27,0,0.0
3976.282,4661.936,999.0,999.0,-0.76,0.2,0,0.0
-2601.485,-3424.034,999.0,999.0,-0.03,0.29,0,0.0
-2437.045,-223.737,999.0,999.0,-0.24,0.2,0,2.1826301939612276e-145
-1159.55,3050.371,999.0,999.0,-0.63,0.25,0,1.469654727671072e-291
3651.958,-2213.925,999.0,999.0,-0.61,0.21,0,0.0
-3367.353,2834.923,999.0,999.0,-0.71,0.28,0,0.0
-784.033,3388.351,-10.225,4.31,-0.7,0.23,0,0.0
3560.364,-2078.351,999.0,999.0,-0.8,0.21,0,0.0
-3747.885,-1898.513,-50.088,3.94,-0.96,0.23,0,0.0
-2805.239,-239.271,999.0,999.0,-0.91,0.23,0,6.563465392993849e-197
-1029.293,-946.425,999.0,999.0,-0.58,0.24,0,1.3007647438963506e-44
-2823.909,1686.149,999.0,999.0,-0.7,0.27,0,6.346206637543163e-271
3112.078,-4813.372,999.0,999.0,-0.16,0.2,0,0.0
812.18,-4078.678,999.0,999.0,-0.84,0.29,0,0.0
2434.105,1740.648,999.0,999.0,-0.94,0.27,0,1.190926030308632e-289
4104.095,-1525.092,999.0,999.0,-0.72,0.27,0,0.0
-327.748,72.094,999.0,999.0,-0.83,0.3,0,0.9949301700160903
-4816.734,3442.489,999.0,999.0,-1.23,0.29,0,0.0
4903.671,2209.119,999.0,999.0,-0.79,0.28,0,0.0
-4173.998,-3715.625,999.0,999.0,-0.65,0.3,0,0.0
-1450.193,-1625.418,999.0,999.0,-0.61,0.22,0,2.3926483403718593e-122
-3411.411,-2939.096,28.996,4.23,-0.55,0.29,0,0.0
-3744.029,997.933,999.0,999.0,-0.53,0.21,0,0.0
832.737,2550.893,999.0,999.0,-0.23,0.29,0,6.578985262735233e-224
-1941.92,3097.283,999.0,999.0,-0.63,0.2,0,0.0
-2074.539,-3391.555,999.0,999.0,-0.46,0.22,0,0.0
-3925.878,649.582,999.0,999.0,-0.55,0.21,0,0.0
584.659,4117.224,999.0,999.0,-0.7,0.28,0,0.0
-4222.563,4754.333,999.0,999.0,-0.72,0.23,0,0.0
4413.061,-926.923,999.0,999.0,-0.82,0.29,0,0.0
1739.44,-4851.052,999.0,999.0,-0.58,0.29,0,0.0
1391.401,2049.435,999.0,999.0,-0.68,0.28,0,2.2365688314867665e-198
-4848.805,-181.108,-33.146,5.42,-0.18,0.3,0,0.0
2370.092,892.196,999.0,999.0,-0.62,0.28,0,6.43580722750842e-209
-1560.123,-3735.27,999.0,999.0,-0.7,0.2,0,0.0
-1827.157,-2388.227,999.0,999.0,-0.72,0.2,0,3.747282490898362e-245
4417.21,-44.673,-35.495,5.05,-0.9,0.26,0,0.0
2196.496,-519.592,999.0,999.0,0.1,0.3,0,1.1850410774606885e-158
426.081,4164.839,999.0,999.0,-0.46,0.22,0,0.0
-4966.246,3550.55,999.0,999.0,-0.36,0.3,0,0.0
-4497.14,-3250.798,-100.573,4.75,-0.71,0.24,0,0.0
2795.01,3622.603,-100.631,6.31,-0.33,0.25,0,0.0
-4088.404,-2970.48,999.0,999.0,-0.5,0.23,0,0.0
4351.088,4719.606,999.0,999.0,-0.76,0.24,0,0.0
2878.27,-4471.739,-20.035,3.83,-0.39,0.21,0,0.0
2840.735,3078.924,999.0,999.0,-0.88,0.28,0,0.0
-2675.503,2943.938,-26.586,4.8,-0.78,0.28,0,0.0
68.851,-1819.082,999.0,999.0,-0.81,0.28,0,5.449689142193293e-90
598.172,4388.754,-94.706,3.02,-0.56,0.27,0,0.0
1950.122,2933.002,-21.7,5.15,-0.5,0.22,0,0.0
1306.214,-3116.157,999.0,999.0,-0.35,0.23,0,0.0
-1697.309,2914.489,-19.819,5.86,-0.84,0.24,0,8.656165436705728e-303
-2211.342,4408.68,999.0,999.0,-0.87,0.26,0,0.0
-2485.132,-1339.64,999.0,999.0,-0.64,0.21,0,3.044586456670025e-206
2380.686,-1105.337,-10.76,6.02,-0.19,0.23,0,1.2391734989005049e-206
-4561.046,4126.424,999.0,999.0,-0.52,0.24,0,0.0
-3075.126,-3608.438,999.0,999.0,-0.25,0.26,0,0.0
3665.36,-4818.813,999.0,999.0,-0.21,0.29,0,0.0
-1708.64,927.098,-19.711,4.3,-0.32,0.29,0,1.3044450178123055e-87
-1818.792,1196.747,999.0,999.0,-0.71,0.27,0,3.3820829966016055e-113
-4619.984,47.175,999.0,999.0,-0.79,0.24,0,0.0
3601.477,-4210.348,-24.111,4.54,-0.92,0.3,0,0.0
-2881.122,-301.397,999.0,999.0,0.08,0.3,0,1.0799330203777369e-209
4327.047,278.842,999.0,999.0,-0.38,0.24,0,0.0
4110.496,4032.659,999.0,999.0,-0.16,0.27,0,0.0
-4502.424,2904.177,4.856,4.33,-0.44,0.27,0,0.0
1542.288,2194.55,999.0,999.0,-0.79,0.29,0,1.1901340675727805e-231
-1827.16,1935.621,999.0,999.0,-0.48,0.22,0,5.636163821713454e-179
-2153.616,1504.639,-166.468,4.16,-1.01,0.24,0,1.1829956022335894e-169
913.445,-1505.05,999.0,999.0,-0.66,0.25,0,7.974083323180382e-89
-1155.182,-4768.377,999.0,999.0,-0.31,0.2,0,0.0
-2820.252,2909.093,999.0,999.0,-0.42,0.29,0,0.0
-3780.003,723.377,999.0,999.0,0.44,0.29,0,0.0
-162.073,-1330.444,999.0,999.0,-0.49,0.26,0,5.097294480942201e-46
-3468.442,1704.419,999.0,999.0,-0.86,0.27,0,0.0
-4994.045,1572.324,999.0,999.0,-0.65,0.23,0,0.0
-276.579,-3258.697,999.0,999.0,-0.32,0.27,0,9.154498326515313e-299
2711.661,2463.166,999.0,999.0,-0.47,0.27,0,0.0
-1040.864,701.466,999.0,999.0,-1.45,0.27,0,5.0388947255470786e-33
-2384.195,-3605.957,25.448,6.1,-0.0,0.27,0,0.0
2043.596,-4771.55,999.0,999.0,0.02,0.25,0,0.0
-1384.749,1466.068,-66.115,4.8,-0.82,0.28,0,1.2672748135903874e-99
-3746.26,3881.432,999.0,999.0,-1.04,0.22,0,0.0
4639.606,431.392,999.0,999.0,-0.59,0.21,0,0.0
-2071.954,833.666,999.0,999.0,-0.59,0.29,0,1.0904035314548828e-117
3499.646,1934.154,999.0,999.0,-0.78,0.21,0,0.0
-2030.497,-1757.038,999.0,999.0,-0.26,0.22,0,1.8994554531202046e-189
817.013,-1280.729,999.0,999.0,-0.49,0.23,0,1.6351229865616077e-66
-4370.801,1429.811,999.0,999.0,-0.54,0.21,0,0.0
-2486.042,3211.685,999.0,999.0,-0.61,0.29,0,0.0
3592.1,-3383.864,999.0,999.0,-0.39,0.25,0,0.0
2728.979,-4972.498,999.0,999.0,-0.14,0.26,0,0.0
-4180.46,-4136.267,999.0,999.0,-0.99,0.26,0,0.0
-4203.879,1354.743,999.0,999.0,-0.36,0.28,0,0.0
-4602.092,4374.896,-0.812,6.0,-0.66,0.22,0,0.0
1890.318,-4924.861,999.0,999.0,-0.98,0.24,0,0.0
-2786.316,1943.942,999.0,999.0,-0.24,0.2,0,2.967572451121073e-291
-492.332,-2970.913,999.0,999.0,-0.63,0.29,0,8.616910308163284e-252
-4650.517,278.022,999.0,999.0,-0.56,0.28,0,0.0
937.29,3579.878,-27.486,3.92,-0.4,0.28,0,0.0
2198.451,-2887.325,999.0,999.0,-0.17,0.26,0,0.0
3372.754,-572.039,-71.357,4.38,-0.02,0.21,0,0.0
-3867.963,617.619,999.0,999.0,-0.72,0.24,0,0.0
-1403.998,3717.906,999.0,999.0,-0.42,0.21,0,0.0
-458.612,-3944.746,999.0,999.0,-0.53,0.29,0,0.0
228.632,-3122.926,999.0,999.0,-0.69,0.27,0,3.675898625348014e-274
-3153.271,-2922.75,999.0,999.0,-0.26,0.24,0,0.0
-3879.651,-4637.437,999.0,999.0,-0.4,0.22,0,0.0
-4974.679,-1560.893,-88.95,4.26,-1.29,0.3,0,0.0
-181.061,-2611.802,999.0,999.0,-0.59,0.27,0,2.2457863972200173e-189
-3192.115,3970.937,-86.172,4.33,-1.36,0.21,0,0.0
1823.421,4039.446,9.586,3.88,0.02,0.29,0,0.0
3370.646,2649.593,999.0,999.0,-1.11,0.29,0,0.0
1285.948,4088.76,999.0,999.0,-0.45,0.29,0,0.0
3653.519,-4016.899,999.0,999.0,-0.84,0.29,0,0.0
-2790.035,-3187.258,999.0,999.0,-1.03,0.22,0,0.0
2963.528,-844.161,999.0,999.0,-0.65,0.26,0,3.4164714289852055e-286
-3496.312,542.358,999.0,999.0,-0.67,0.21,0,1.482196938e-315
3680.09,-2544.697,999.0,999.0,-0.45,0.27,0,0.0
686.721,4178.894,999.0,999.0,-0.38,0.26,0,0.0
-2198.986,2563.555,999.0,999.0,-0.63,0.26,0,2.078405276307598e-295
-2577.011,3345.164,-1.74,5.76,-0.58,0.23,0,0.0
-1250.9,2438.189,999.0,999.0,0.09,0.29,0,6.14434151369814e-200
-4053.9,-1891.256,999.0,999.0,-0.44,0.23,0,0.0
-3600.45,2107.834,999.0,999.0,-0.26,0.29,0,0.0
4740.524,4206.562,999.0,999.0,-0.69,0.22,0,0.0
1092.002,-1657.984,999.0,999.0,-0.33,0.23,0,3.992466642216243e-113
-3073.268,-139.838,999.0,999.0,-0.69,0.26,0,2.0308060745667064e-237
3502.413,3416.191,999.0,999.0,-0.6,0.21,0,0.0
-1285.475,1049.308,999.0,999.0,-1.23,0.3,0,1.318334062601741e-63
-4497.431,2435.756,-55.864,2.83,-0.96,0.21,0,0.0
4946.834,4068.822,-36.213,2.83,-0.68,0.23,0,0.0
2335.118,-7.589,999.0,999.0,-0.23,0.28,0,8.721641158484925e-174
4368.943,-1707.759,999.0,999.0,-0.43,0.23,0,0.0
3391.244,-77.815,-101.644,4.38,-0.78,0.2,0,0.0
-2724.995,-4230.646,-118.879,3.81,0.04,0.27,0,0.0
3992.324,-172.43,999.0,999.0,-0.41,0.26,0,0.0
-1896.235,3442.122,999.0,999.0,-0.44,0.21,0,0.0
-3486.259,1674.26,999.0,999.0,-0.81,0.26,0,0.0
3079.615,-1995.712,999.0,999.0,-1.14,0.29,0,0.0
-324.79,2613.778,999.0,999.0,-0.07,0.26,0,9.790452593345223e-199
4230.467,-1151.932,999.0,999.0,-0.25,0.23,0,0.0
-1586.127,-1549.976,-91.815,4.54,-0.31,0.2,0,3.0547664327997714e-126
-935.89,-4005.784,999.0,999.0,-0.27,0.23,0,0.0
404.326,4543.672,999.0,999.0,-0.15,0.27,0,0.0
2350.009,-3308.399,-51.285,4.18,-0.37,0.27,0,0.0
1249.658,206.9,999.0,999.0,-0.9,0.24,0,3.0211022818930504e-56
-1083.772,1780.55,999.0,999.0,-0.03,0.29,0,7.952594497837398e-112
6.219,-500.068,-3.799,3.61,-1.0,0.22,0,0.00023656807474962878
2388.402,-4140.278,-68.787,3.78,-0.99,0.24,0,0.0
-666.538,4711.713,999.0,999.0,-0.85,0.26,0,0.0
-299.841,-4577.624,999.0,999.0,-0.14,0.25,0,0.0
3208.904,821.263,999.0,999.0,-0.92,0.23,0,0.0
4729.793,-4455.303,999.0,999.0,-1.14,0.23,0,0.0
3081.456,1895.909,999.0,999.0,-1.26,0.28,0,0.0
1193.502,-2736.27,999.0,999.0,-1.12,0.25,0,3.4171698092842116e-251
1204.415,1837.667,999.0,999.0,-0.61,0.27,0,3.508312957979493e-157
1834.539,117.643,999.0,999.0,-0.37,0.22,0,1.8227852479798146e-111
-4672.775,2763.469,999.0,999.0,-0.34,0.24,0,0.0
1119.008,916.847,999.0,999.0,-0.79,0.3,0,9.649947271182102e-73
3925.838,1219.682,999.0,999.0,-0.19,0.22,0,0.0
99.072,3816.911,-112.685,2.96,-0.86,0.22,0,0.0
2162.682,-3990.412,999.0,999.0,-0.64,0.23,0,0.0
-235.269,4860.785,999.0,999.0,-0.41,0.28,0,0.0
1793.481,-4047.167,999.0,999.0,-0.39,0.26,0,0.0
-222.426,-4786.688,999.0,999.0,-0.69,0.26,0,0.0
-3408.957,-1453.357,999.0,999.0,-0.67,0.29,0,0.0
-3651.384,2746.897,999.0,999.0,-0.57,0.28,0,0.0
-686.606,-3148.884,999.0,999.0,-0.14,0.25,0,3.77519436316074e-289
2460.633,803.767,999.0,999.0,-0.61,0.26,0,2.9860050313098016e-217
2290.007,-2151.617,999.0,999.0,-0.39,0.26,0,4.440809322234729e-284
-498.027,728.506,999.0,999.0,-0.26,0.24,0,1.3921327121548625e-16
4874.972,-4715.326,999.0,999.0,-0.6,0.29,0,0.0
4481.89,2563.783,999.0,999.0,-0.69,0.2,0,0.0
-1258.176,-514.045,999.0,999.0,-1.27,0.21,0,3.2503394466240785e-39
462.352,-2465.592,-45.886,3.0,-0.18,0.26,0,1.8697796083053173e-175
-4427.024,-3886.577,8.893,4.03,-0.95,0.28,0,0.0
-2469.033,4132.531,999.0,999.0,-0.1,0.29,0,0.0
-4011.681,4216.314,999.0,999.0,-0.51,0.21,0,0.0
4421.884,4655.596,999.0,999.0,-0.9,0.29,0,0.0
2300.671,-3343.466,-48.445,5.52,-0.4,0.26,0,0.0
630.794,-2381.228,999.0,999.0,-1.1,0.26,0,9.761859983824997e-170
-3623.116,-4024.446,999.0,999.0,-1.06,0.23,0,0.0
2104.43,2634.155,999.0,999.0,-0.82,0.24,0,0.0
4106.693,-2349.432,999.0,999.0,-0.15,0.25,0,0.0
2953.24,-2432.781,999.0,999.0,-0.26,0.23,0,0.0
-2438.657,-3090.545,999.0,999.0,-0.51,0.21,0,0.0
3540.639,3259.924,-125.898,2.61,-0.4,0.2,0,0.0
3278.446,289.613,999.0,999.0,-0.87,0.23,0,0.0
-1221.536,2762.569,999.0,999.0,-1.29,0.3,0,1.0655548279148092e-246
865.846,2342.418,999.0,999.0,-1.12,0.23,0,1.0387504178545815e-195
-4194.108,-771.066,999.0,999.0,-0.48,0.3,0,0.0
4586.756,-742.718,-47.168,3.05,-0.55,0.28,0,0.0
3820.778,-4879.853,-173.68,4.16,-0.87,0.3,0,0.0
-3436.77,2230.755,999.0,999.0,-0.73,0.25,0,0.0
-1251.057,-54.075,999.0,999.0,0.04,0.26,0,7.5815550735286484e-31
23.701,-3850.252,999.0,999.0,-1.19,0.27,0,0.0
4115.795,3509.749,999.0,999.0,-0.86,0.27,0,0.0
-2501.582,-4112.829,999.0,999.0,-0.6,0.24,0,0.0
-1848.073,-215.493,999.0,999.0,-0.45,0.22,0,3.3217134270472723e-79
-2530.774,-828.3,999.0,999.0,-0.82,0.22,0,1.912417674071564e-178
2452.433,2193.403,999.0,999.0,-0.27,0.29,0,0.0
-2105.294,-2854.733,999.0,999.0,-0.78,0.2,0,0.0
3748.795,-4146.684,999.0,999.0,-0.41,0.24,0,0.0
-254.449,-3954.287,999.0,999.0,-1.23,0.28,0,0.0
-928.219,3974.197,999.0,999.0,-0.39,0.27,0,0.0
-4043.782,-4180.784,4.424,4.23,-0.42,0.25,0,0.0
-4023.557,-4656.812,999.0,999.0,-0.81,0.2,0,0.0
4534.208,-2956.479,6.542,7.57,-0.55,0.29,0,0.0
-598.952,4981.69,999.0,999.0,-0.65,0.21,0,0.0
3255.221,1775.237,999.0,999.0,-0.12,0.26,0,0.0
-1147.214,1559.447,-125.762,5.78,-0.64,0.25,0,8.369992545741457e-94
1920.451,-3343.062,999.0,999.0,-0.44,0.26,0,0.0
840.554,202.705,999.0,999.0,-1.01,0.27,0,5.003037924066792e-28
-1596.906,-4415.848,999.0,999.0,-0.61,0.22,0,0.0
-3606.419,-623.23,999.0,999.0,-0.43,0.22,0,0.0
-2034.604,-511.042,999.0,999.0,-0.67,0.24,0,5.195094750360239e-105
-4056.262,-2481.123,-197.778,5.18,-0.92,0.27,0,0.0
506.548,2557.208,999.0,999.0,-0.35,0.24,0,1.8861178792121537e-207
854.186,1974.534,999.0,999.0,-0.67,0.23,0,1.2833704021139978e-147
2547.146,-2027.109,999.0,999.0,-1.12,0.24,0,2.7876493550856163e-306
3720.283,-194.928,999.0,999.0,-0.84,0.24,0,0.0
3420.676,-1988.816,999.0,999.0,-0.76,0.22,0,0.0
-1074.504,918.953,9.941,2.47,-0.44,0.28,0,1.0021049987367999e-44
-1897.572,-4732.076,999.0,999.0,-0.08,0.27,0,0.0
-1901.805,927.675,999.0,999.0,-0.53,0.2,0,4.402628965972914e-105
3533.737,-414.256,999.0,999.0,-1.02,0.22,0,0.0
4198.399,-2197.662,999.0,999.0,-0.63,0.22,0,0.0
3617.858,3899.705,999.0,999.0,-0.29,0.24,0,0.0
-223.073,2049.502,0.912,3.09,-0.29,0.29,0,5.391286196760663e-122
-735.104,2372.922,999.0,999.0,-0.64,0.26,0,7.615158936997377e-170
-3526.151,2061.844,999.0,999.0,-0.3,0.24,0,0.0
-2.012,-3074.007,999.0,999.0,-0.2,0.27,0,1.122207540675767e-263
-3684.767,4247.014,999.0,999.0,-0.61,0.3,0,0.0
4516.65,3649.31,14.317,5.42,-0.38,0.28,0,0.0
-585.833,-3362.865,999.0,999.0,-0.55,0.24,0,0.0
905.89,3787.419,999.0,999.0,-0.59,0.24,0,0.0
3677.385,-3192.588,999.0,999.0,-0.58,0.26,0,0.0
1768.861,1527.376,999.0,999.0,-0.51,0.27,0,3.1784241022365765e-180
4881.552,1817.763,999.0,999.0,-0.87,0.28,0,0.0
1721.761,-1369.661,999.0,999.0,-0.04,0.23,0,3.8401433544724503e-143
-3468.193,-2903.65,-40.323,5.23,-0.49,0.2,0,0.0
2397.902,738.721,999.0,999.0,-0.3,0.25,0,1.5938241097989121e-204
-4123.636,-1956.579,999.0,999.0,-0.6,0.2,0,0.0
3715.445,-1111.411,999.0,999.0,-0.75,0.25,0,0.0
-3823.856,3363.836,-27.614,5.52,-0.74,0.24,0,0.0
2713.866,-2586.741,999.0,999.0,-0.55,0.23,0,0.0
-890.879,3046.044,999.0,999.0,-0.46,0.23,0,9.128871897364645e-280
3752.893,3112.589,999.0,999.0,-0.3,0.26,0,0.0
1862.754,370.576,999.0,999.0,0.06,0.23,0,5.897278165991913e-120
3890.756,-3433.954,-73.664,5.52,-0.97,0.21,0,0.0
2754.46,-3556.542,999.0,999.0,-1.18,0.29,0,0.0
-3492.498,2410.823,999.0,999.0,-0.43,0.22,0,0.0
-1084.959,4190.485,999.0,999.0,-0.52,0.3,0,0.0
768.113,3052.285,999.0,999.0,-1.16,0.25,0,5.403565708012286e-303
2345.985,1936.223,999.0,999.0,-0.53,0.26,0,7.57971514078186e-299
-2408.045,2432.805,999.0,999.0,-0.59,0.24,0,5.5221624353596835e-301
4420.668,-3655.026,999.0,999.0,-0.7,0.23,0,0.0
43.992,88.308,999.0,999.0,-0.92,0.22,0,0.9769560874756398
-791.524,4899.528,999.0,999.0,-0.3,0.21,0,0.0
2437.246,429.348,999.0,999.0,-0.66,0.3,0,2.2122129508722866e-197
4234.305,-1311.525,999.0,999.0,-0.69,0.26,0,0.0
4882.235,1142.803,-21.128,4.11,-0.76,0.21,0,0.0
-2398.121,511.87,999.0,999.0,-0.48,0.23,0,7.87410430160682e-144
-1555.226,-1054.683,999.0,999.0,-0.92,0.21,0,1.0441432643068204e-85
-921.572,-3376.403,999.0,999.0,-0.77,0.29,0,0.0
2924.824,-1287.066,999.0,999.0,-0.66,0.27,0,1.6048708481344136e-302
3168.072,-4597.187,999.0,999.0,-0.24,0.24,0,0.0
1355.048,2090.249,-122.098,4.41,-1.27,0.3,0,3.9250752316171177e-200
3737.43,-4483.001,-83.262,4.25,-0.54,0.27,0,0.0
-2519.419,-1091.995,-23.237,6.1,-0.53,0.23,0,1.5176803735955447e-192
-32.565,3457.528,999.0,999.0,-0.07,0.26,0,0.0
-4516.219,507.367,999.0,999.0,-0.96,0.28,0,0.0
-4210.419,-2818.486,999.0,999.0,-0.45,0.24,0,0.0
2541.529,4141.895,999.0,999.0,-0.09,0.25,0,0.0
1093.947,-1101.612,999.0,999.0,-0.77,0.29,0,9.69470579516662e-72
3982.247,2081.003,-16.7,2.93,-0.47,0.2,0,0.0
1830.961,-2649.277,999.0,999.0,-0.83,0.24,0,2.3981461375332175e-294
2007.875,-2007.695,999.0,999.0,-0.86,0.28,0,1.6927923732107515e-232
-3776.445,4319.28,999.0,999.0,-0.84,0.23,0,0.0
746.359,1349.402,999.0,999.0,-0.85,0.26,0,8.185409256233072e-79
1897.962,2737.59,999.0,999.0,-1.13,0.27,0,0.0
3603.981,-1431.304,999.0,999.0,-0.68,0.22,0,0.0
166.456,952.951,999.0,999.0,-1.13,0.22,0,3.2952910400091596e-29
594.891,3877.649,999.0,999.0,-0.36,0.24,0,0.0
-272.445,-1511.203,999.0,999.0,-0.12,0.26,0,3.1704275572555596e-61
1928.038,-4065.629,999.0,999.0,-0.52,0.27,0,0.0
-944.912,3840.438,999.0,999.0,-0.48,0.23,0,0.0
2494.063,-1514.631,999.0,999.0,-0.76,0.24,0,1.8131974819839178e-250
1901.686,201.822,999.0,999.0,-0.44,0.27,0,1.5186992196162538e-120
3311.857,4181.83,999.0,999.0,-0.74,0.22,0,0.0
-1076.592,-804.145,999.0,999.0,-0.8,0.22,0,7.43720276591783e-40
-3471.785,3373.148,999.0,999.0,-0.87,0.27,0,0.0
4352.211,4388.193,999.0,999.0,-0.57,0.23,0,0.0
4387.829,-2384.747,34.953,3.79,-0.84,0.24,0,0.0
2880.206,-3818.46,999.0,999.0,0.15,0.21,0,0.0
-1227.036,2742.025,-66.438,4.09,-0.42,0.25,0,9.515982968494531e-244
-4730.753,4198.656,999.0,999.0,-0.68,0.22,0,0.0
-340.09,1418.484,999.0,999.0,-0.64,0.23,0,3.043080907504482e-58
4645.924,4244.143,25.109,4.44,-0.64,0.28,0,0.0
2170.212,1196.536,999.0,999.0,0.14,0.3,0,1.277599496092704e-201
1950.437,3307.473,999.0,999.0,0.06,0.2,0,0.0
-2143.686,-2883.048,999.0,999.0,-0.59,0.24,0,0.0
-3332.795,-3095.969,-2.269,5.76,-1.06,0.24,0,0.0
-4961.765,-1562.825,-22.089,5.3,-0.49,0.2,0,0.0
1261.093,-3066.54,999.0,999.0,-0.35,0.2,0,1.601265275974543e-309
-2388.961,-127.973,999.0,999.0,-0.63,0.22,0,6.09903447318422e-138
-273.148,1146.863,999.0,999.0,-0.37,0.21,0,1.925771026175792e-37
2850.269,2155.232,999.0,999.0,-0.53,0.27,0,0.0
339.729,-3952.584,999.0,999.0,-0.82,0.27,0,0.0
-911.787,84.267,999.0,999.0,-1.15,0.26,0,2.2571195021947092e-13
-2658.907,2242.54,999.0,999.0,-1.04,0.23,0,3.3073202944219468e-308
-2998.961,3111.266,999.0,999.0,-1.1,0.2,0,0.0
631.911,2064.198,999.0,999.0,-0.78,0.23,0,6.383133838509824e-146
-1880.928,-1686.38,999.0,999.0,-0.41,0.23,0,1.6582216681449988e-166
4101.468,-4426.292,999.0,999.0,-0.65,0.26,0,0.0
4070.167,-941.818,999.0,999.0,-0.56,0.29,0,0.0
2507.043,557.517,999.0,999.0,-1.18,0.3,0,1.461697202507189e-212
